[
  {
    "id": "1",
    "name": "Sydney",
    "urlName": "sydney",
    "country": {
      "name": "Australia",
      "urlCode": "AU"
    }
  },
  {
    "id": "2",
    "name": "Melbourne",
    "urlName": "melbourne",
    "country": {
      "name": "Australia",
      "urlCode": "AU"
    }
  },
  {
    "id": "3",
    "name": "Perth",
    "urlName": "perth",
    "country": {
      "name": "Australia",
      "urlCode": "AU"
    }
  },
  {
    "id": "4",
    "name": "Canberra",
    "urlName": "canberra",
    "country": {
      "name": "Australia",
      "urlCode": "AU"
    }
  },
  {
    "id": "5",
    "name": "Adelaide",
    "urlName": "adelaide",
    "country": {
      "name": "Australia",
      "urlCode": "AU"
    }
  },
  {
    "id": "6",
    "name": "Hobart",
    "urlName": "hobart",
    "country": {
      "name": "Australia",
      "urlCode": "AU"
    }
  },
  {
    "id": "8",
    "name": "New York City",
    "urlName": "newyorkcity",
    "country": {
      "name": "United States of America",
      "urlCode": "US"
    }
  },
  {
    "id": "12",
    "name": "Brisbane",
    "urlName": "brisbane",
    "country": {
      "name": "Australia",
      "urlCode": "AU"
    }
  },
  {
    "id": "13",
    "name": "London",
    "urlName": "london",
    "country": {
      "name": "United Kingdom",
      "urlCode": "UK"
    }
  },
  {
    "id": "14",
    "name": "Midlands",
    "urlName": "midlands",
    "country": {
      "name": "United Kingdom",
      "urlCode": "UK"
    }
  },
  {
    "id": "15",
    "name": "South + East",
    "urlName": "southeast",
    "country": {
      "name": "United Kingdom",
      "urlCode": "UK"
    }
  },
  {
    "id": "16",
    "name": "North",
    "urlName": "north",
    "country": {
      "name": "United Kingdom",
      "urlCode": "UK"
    }
  },
  {
    "id": "17",
    "name": "Chicago",
    "urlName": "chicago",
    "country": {
      "name": "United States of America",
      "urlCode": "US"
    }
  },
  {
    "id": "19",
    "name": "Detroit",
    "urlName": "detroit",
    "country": {
      "name": "United States of America",
      "urlCode": "US"
    }
  },
  {
    "id": "20",
    "name": "Barcelona",
    "urlName": "barcelona",
    "country": {
      "name": "Spain",
      "urlCode": "ES"
    }
  },
  {
    "id": "22",
    "name": "Washington DC",
    "urlName": "washingtondc",
    "country": {
      "name": "United States of America",
      "urlCode": "US"
    }
  },
  {
    "id": "23",
    "name": "Los Angeles",
    "urlName": "losangeles",
    "country": {
      "name": "United States of America",
      "urlCode": "US"
    }
  },
  {
    "id": "24",
    "name": "West + Wales",
    "urlName": "westwales",
    "country": {
      "name": "United Kingdom",
      "urlCode": "UK"
    }
  },
  {
    "id": "25",
    "name": "Ibiza",
    "urlName": "ibiza",
    "country": {
      "name": "Spain",
      "urlCode": "ES"
    }
  },
  {
    "id": "26",
    "name": "All",
    "urlName": "costarica",
    "country": {
      "name": "Costa Rica",
      "urlCode": "CR"
    }
  },
  {
    "id": "27",
    "name": "Tokyo",
    "urlName": "tokyo",
    "country": {
      "name": "Japan",
      "urlCode": "JP"
    }
  },
  {
    "id": "28",
    "name": "Toronto",
    "urlName": "toronto",
    "country": {
      "name": "Canada",
      "urlCode": "CA"
    }
  },
  {
    "id": "29",
    "name": "Amsterdam",
    "urlName": "amsterdam",
    "country": {
      "name": "Netherlands",
      "urlCode": "NL"
    }
  },
  {
    "id": "30",
    "name": "Scotland",
    "urlName": "scotland",
    "country": {
      "name": "United Kingdom",
      "urlCode": "UK"
    }
  },
  {
    "id": "34",
    "name": "Berlin",
    "urlName": "berlin",
    "country": {
      "name": "Germany",
      "urlCode": "DE"
    }
  },
  {
    "id": "35",
    "name": "Northern Ireland",
    "urlName": "northernireland",
    "country": {
      "name": "United Kingdom",
      "urlCode": "UK"
    }
  },
  {
    "id": "36",
    "name": "Kuala Lumpur",
    "urlName": "kualalumpur",
    "country": {
      "name": "Malaysia",
      "urlCode": "MY"
    }
  },
  {
    "id": "37",
    "name": "All",
    "urlName": "greece",
    "country": {
      "name": "Greece",
      "urlCode": "GR"
    }
  },
  {
    "id": "38",
    "name": "Miami",
    "urlName": "miami",
    "country": {
      "name": "United States of America",
      "urlCode": "US"
    }
  },
  {
    "id": "39",
    "name": "Vancouver",
    "urlName": "vancouver",
    "country": {
      "name": "Canada",
      "urlCode": "CA"
    }
  },
  {
    "id": "40",
    "name": "Montreal",
    "urlName": "montreal",
    "country": {
      "name": "Canada",
      "urlCode": "CA"
    }
  },
  {
    "id": "41",
    "name": "Madrid",
    "urlName": "madrid",
    "country": {
      "name": "Spain",
      "urlCode": "ES"
    }
  },
  {
    "id": "42",
    "name": "All",
    "urlName": "israel",
    "country": {
      "name": "Israel",
      "urlCode": "IL"
    }
  },
  {
    "id": "43",
    "name": "All",
    "urlName": "ireland",
    "country": {
      "name": "Ireland",
      "urlCode": "IE"
    }
  },
  {
    "id": "44",
    "name": "Paris",
    "urlName": "paris",
    "country": {
      "name": "France",
      "urlCode": "FR"
    }
  },
  {
    "id": "45",
    "name": "All",
    "urlName": "argentina",
    "country": {
      "name": "Argentina",
      "urlCode": "AR"
    }
  },
  {
    "id": "46",
    "name": "Seattle",
    "urlName": "seattle",
    "country": {
      "name": "United States of America",
      "urlCode": "US"
    }
  },
  {
    "id": "47",
    "name": "Nevada",
    "urlName": "nevada",
    "country": {
      "name": "United States of America",
      "urlCode": "US"
    }
  },
  {
    "id": "48",
    "name": "New Jersey",
    "urlName": "newjersey",
    "country": {
      "name": "United States of America",
      "urlCode": "US"
    }
  },
  {
    "id": "49",
    "name": "South Island",
    "urlName": "Southisland",
    "country": {
      "name": "New Zealand",
      "urlCode": "NZ"
    }
  },
  {
    "id": "50",
    "name": "All",
    "urlName": "romania",
    "country": {
      "name": "Romania",
      "urlCode": "RO"
    }
  },
  {
    "id": "51",
    "name": "All",
    "urlName": "singapore",
    "country": {
      "name": "Singapore",
      "urlCode": "SG"
    }
  },
  {
    "id": "52",
    "name": "Central",
    "urlName": "central",
    "country": {
      "name": "Italy",
      "urlCode": "IT"
    }
  },
  {
    "id": "53",
    "name": "Lisbon",
    "urlName": "lisbon",
    "country": {
      "name": "Portugal",
      "urlCode": "PT"
    }
  },
  {
    "id": "54",
    "name": "Edmonton",
    "urlName": "edmonton",
    "country": {
      "name": "Canada",
      "urlCode": "CA"
    }
  },
  {
    "id": "55",
    "name": "All",
    "urlName": "taiwan",
    "country": {
      "name": "Taiwan",
      "urlCode": "TW"
    }
  },
  {
    "id": "57",
    "name": "All",
    "urlName": "norway",
    "country": {
      "name": "Norway",
      "urlCode": "NO"
    }
  },
  {
    "id": "58",
    "name": "All",
    "urlName": "sweden",
    "country": {
      "name": "Sweden",
      "urlCode": "SE"
    }
  },
  {
    "id": "59",
    "name": "All",
    "urlName": "chile",
    "country": {
      "name": "Chile",
      "urlCode": "CL"
    }
  },
  {
    "id": "60",
    "name": "All",
    "urlName": "switzerland",
    "country": {
      "name": "Switzerland",
      "urlCode": "CH"
    }
  },
  {
    "id": "61",
    "name": "All",
    "urlName": "brazil",
    "country": {
      "name": "Brazil",
      "urlCode": "BR"
    }
  },
  {
    "id": "62",
    "name": "All",
    "urlName": "belgium",
    "country": {
      "name": "Belgium",
      "urlCode": "BE"
    }
  },
  {
    "id": "63",
    "name": "Houston",
    "urlName": "houston",
    "country": {
      "name": "United States of America",
      "urlCode": "US"
    }
  },
  {
    "id": "64",
    "name": "Georgia",
    "urlName": "georgia",
    "country": {
      "name": "United States of America",
      "urlCode": "US"
    }
  },
  {
    "id": "65",
    "name": "Louisiana",
    "urlName": "louisiana",
    "country": {
      "name": "United States of America",
      "urlCode": "US"
    }
  },
  {
    "id": "66",
    "name": "Kansai",
    "urlName": "kansai",
    "country": {
      "name": "Japan",
      "urlCode": "JP"
    }
  },
  {
    "id": "67",
    "name": "All",
    "urlName": "thailand",
    "country": {
      "name": "Thailand",
      "urlCode": "TH"
    }
  },
  {
    "id": "68",
    "name": "Shanghai",
    "urlName": "shanghai",
    "country": {
      "name": "China",
      "urlCode": "CN"
    }
  },
  {
    "id": "69",
    "name": "All",
    "urlName": "poland",
    "country": {
      "name": "Poland",
      "urlCode": "PL"
    }
  },
  {
    "id": "70",
    "name": "Monterrey",
    "urlName": "monterrey",
    "country": {
      "name": "Mexico",
      "urlCode": "MX"
    }
  },
  {
    "id": "71",
    "name": "Hong Kong",
    "urlName": "hongkong",
    "country": {
      "name": "China",
      "urlCode": "CN"
    }
  },
  {
    "id": "72",
    "name": "Tennessee",
    "urlName": "tennessee",
    "country": {
      "name": "United States of America",
      "urlCode": "US"
    }
  },
  {
    "id": "73",
    "name": "Istanbul",
    "urlName": "istanbul",
    "country": {
      "name": "Turkey",
      "urlCode": "TK"
    }
  },
  {
    "id": "74",
    "name": "Ottawa",
    "urlName": "ottawa",
    "country": {
      "name": "Canada",
      "urlCode": "CA"
    }
  },
  {
    "id": "75",
    "name": "All",
    "urlName": "southkorea",
    "country": {
      "name": "South Korea",
      "urlCode": "KR"
    }
  },
  {
    "id": "76",
    "name": "All",
    "urlName": "indonesia",
    "country": {
      "name": "Indonesia",
      "urlCode": "ID"
    }
  },
  {
    "id": "77",
    "name": "All",
    "urlName": "serbia",
    "country": {
      "name": "Serbia",
      "urlCode": "RS"
    }
  },
  {
    "id": "78",
    "name": "All",
    "urlName": "hungary",
    "country": {
      "name": "Hungary",
      "urlCode": "HU"
    }
  },
  {
    "id": "79",
    "name": "Massachusetts",
    "urlName": "massachusetts",
    "country": {
      "name": "United States of America",
      "urlCode": "US"
    }
  },
  {
    "id": "80",
    "name": "Pennsylvania",
    "urlName": "pennsylvania",
    "country": {
      "name": "United States of America",
      "urlCode": "US"
    }
  },
  {
    "id": "81",
    "name": "Minnesota",
    "urlName": "minnesota",
    "country": {
      "name": "United States of America",
      "urlCode": "US"
    }
  },
  {
    "id": "82",
    "name": "Colorado",
    "urlName": "colorado",
    "country": {
      "name": "United States of America",
      "urlCode": "US"
    }
  },
  {
    "id": "84",
    "name": "Ohio",
    "urlName": "ohio",
    "country": {
      "name": "United States of America",
      "urlCode": "US"
    }
  },
  {
    "id": "85",
    "name": "Indiana",
    "urlName": "indiana",
    "country": {
      "name": "United States of America",
      "urlCode": "US"
    }
  },
  {
    "id": "86",
    "name": "All",
    "urlName": "peru",
    "country": {
      "name": "Peru",
      "urlCode": "PE"
    }
  },
  {
    "id": "87",
    "name": "All",
    "urlName": "finland",
    "country": {
      "name": "Finland",
      "urlCode": "FI"
    }
  },
  {
    "id": "88",
    "name": "Moscow",
    "urlName": "moscow",
    "country": {
      "name": "Russia",
      "urlCode": "RU"
    }
  },
  {
    "id": "90",
    "name": "Kansas",
    "urlName": "kansas",
    "country": {
      "name": "United States of America",
      "urlCode": "US"
    }
  },
  {
    "id": "91",
    "name": "All",
    "urlName": "lithuania",
    "country": {
      "name": "Lithuania",
      "urlCode": "LT"
    }
  },
  {
    "id": "92",
    "name": "All",
    "urlName": "panama",
    "country": {
      "name": "Panama",
      "urlCode": "PA"
    }
  },
  {
    "id": "93",
    "name": "All",
    "urlName": "latvia",
    "country": {
      "name": "Latvia",
      "urlCode": "LV"
    }
  },
  {
    "id": "94",
    "name": "All",
    "urlName": "croatia",
    "country": {
      "name": "Croatia",
      "urlCode": "HR"
    }
  },
  {
    "id": "95",
    "name": "All",
    "urlName": "bulgaria",
    "country": {
      "name": "Bulgaria",
      "urlCode": "BG"
    }
  },
  {
    "id": "96",
    "name": "All",
    "urlName": "egypt",
    "country": {
      "name": "Egypt",
      "urlCode": "EG"
    }
  },
  {
    "id": "97",
    "name": "All",
    "urlName": "czechrepublic",
    "country": {
      "name": "Czech Republic",
      "urlCode": "CZ"
    }
  },
  {
    "id": "98",
    "name": "All",
    "urlName": "slovakia",
    "country": {
      "name": "Slovakia",
      "urlCode": "SK"
    }
  },
  {
    "id": "99",
    "name": "All",
    "urlName": "denmark",
    "country": {
      "name": "Denmark",
      "urlCode": "DK"
    }
  },
  {
    "id": "100",
    "name": "Cape Town",
    "urlName": "capetown",
    "country": {
      "name": "South Africa",
      "urlCode": "ZA"
    }
  },
  {
    "id": "101",
    "name": "All",
    "urlName": "lebanon",
    "country": {
      "name": "Lebanon",
      "urlCode": "LB"
    }
  },
  {
    "id": "102",
    "name": "Arizona",
    "urlName": "arizona",
    "country": {
      "name": "United States of America",
      "urlCode": "US"
    }
  },
  {
    "id": "103",
    "name": "Mississippi",
    "urlName": "mississippi",
    "country": {
      "name": "United States of America",
      "urlCode": "US"
    }
  },
  {
    "id": "104",
    "name": "Oklahoma",
    "urlName": "oklahoma",
    "country": {
      "name": "United States of America",
      "urlCode": "US"
    }
  },
  {
    "id": "105",
    "name": "South Carolina",
    "urlName": "southcarolina",
    "country": {
      "name": "United States of America",
      "urlCode": "US"
    }
  },
  {
    "id": "106",
    "name": "Utah",
    "urlName": "utah",
    "country": {
      "name": "United States of America",
      "urlCode": "US"
    }
  },
  {
    "id": "107",
    "name": "Wisconsin",
    "urlName": "wisconsin",
    "country": {
      "name": "United States of America",
      "urlCode": "US"
    }
  },
  {
    "id": "108",
    "name": "Alabama",
    "urlName": "alabama",
    "country": {
      "name": "United States of America",
      "urlCode": "US"
    }
  },
  {
    "id": "109",
    "name": "Alaska",
    "urlName": "alaska",
    "country": {
      "name": "United States of America",
      "urlCode": "US"
    }
  },
  {
    "id": "110",
    "name": "Arkansas",
    "urlName": "arkansas",
    "country": {
      "name": "United States of America",
      "urlCode": "US"
    }
  },
  {
    "id": "111",
    "name": "Connecticut",
    "urlName": "connecticut",
    "country": {
      "name": "United States of America",
      "urlCode": "US"
    }
  },
  {
    "id": "112",
    "name": "Delaware",
    "urlName": "delaware",
    "country": {
      "name": "United States of America",
      "urlCode": "US"
    }
  },
  {
    "id": "113",
    "name": "Idaho",
    "urlName": "idaho",
    "country": {
      "name": "United States of America",
      "urlCode": "US"
    }
  },
  {
    "id": "114",
    "name": "Iowa",
    "urlName": "iowa",
    "country": {
      "name": "United States of America",
      "urlCode": "US"
    }
  },
  {
    "id": "115",
    "name": "Kentucky",
    "urlName": "kentucky",
    "country": {
      "name": "United States of America",
      "urlCode": "US"
    }
  },
  {
    "id": "116",
    "name": "Maine",
    "urlName": "maine",
    "country": {
      "name": "United States of America",
      "urlCode": "US"
    }
  },
  {
    "id": "117",
    "name": "Maryland",
    "urlName": "maryland",
    "country": {
      "name": "United States of America",
      "urlCode": "US"
    }
  },
  {
    "id": "118",
    "name": "Missouri",
    "urlName": "missouri",
    "country": {
      "name": "United States of America",
      "urlCode": "US"
    }
  },
  {
    "id": "119",
    "name": "Montana",
    "urlName": "montana",
    "country": {
      "name": "United States of America",
      "urlCode": "US"
    }
  },
  {
    "id": "120",
    "name": "Nebraska",
    "urlName": "nebraska",
    "country": {
      "name": "United States of America",
      "urlCode": "US"
    }
  },
  {
    "id": "121",
    "name": "New Hampshire",
    "urlName": "newhampshire",
    "country": {
      "name": "United States of America",
      "urlCode": "US"
    }
  },
  {
    "id": "122",
    "name": "New Mexico",
    "urlName": "newmexico",
    "country": {
      "name": "United States of America",
      "urlCode": "US"
    }
  },
  {
    "id": "123",
    "name": "North Carolina",
    "urlName": "northcarolina",
    "country": {
      "name": "United States of America",
      "urlCode": "US"
    }
  },
  {
    "id": "124",
    "name": "North Dakota",
    "urlName": "northdakota",
    "country": {
      "name": "United States of America",
      "urlCode": "US"
    }
  },
  {
    "id": "125",
    "name": "Portland",
    "urlName": "portland",
    "country": {
      "name": "United States of America",
      "urlCode": "US"
    }
  },
  {
    "id": "127",
    "name": "Rhode Island",
    "urlName": "rhodeisland",
    "country": {
      "name": "United States of America",
      "urlCode": "US"
    }
  },
  {
    "id": "128",
    "name": "South Dakota",
    "urlName": "southdakota",
    "country": {
      "name": "United States of America",
      "urlCode": "US"
    }
  },
  {
    "id": "129",
    "name": "Vermont",
    "urlName": "vermont",
    "country": {
      "name": "United States of America",
      "urlCode": "US"
    }
  },
  {
    "id": "130",
    "name": "Virginia",
    "urlName": "virginia",
    "country": {
      "name": "United States of America",
      "urlCode": "US"
    }
  },
  {
    "id": "131",
    "name": "West Virginia",
    "urlName": "westvirginia",
    "country": {
      "name": "United States of America",
      "urlCode": "US"
    }
  },
  {
    "id": "132",
    "name": "Wyoming",
    "urlName": "wyoming",
    "country": {
      "name": "United States of America",
      "urlCode": "US"
    }
  },
  {
    "id": "133",
    "name": "Hawaii",
    "urlName": "hawaii",
    "country": {
      "name": "United States of America",
      "urlCode": "US"
    }
  },
  {
    "id": "135",
    "name": "All",
    "urlName": "elsalvador",
    "country": {
      "name": "El Salvador",
      "urlCode": "SV"
    }
  },
  {
    "id": "136",
    "name": "Dubai",
    "urlName": "dubai",
    "country": {
      "name": "United Arab Emirates",
      "urlCode": "AE"
    }
  },
  {
    "id": "137",
    "name": "Calgary",
    "urlName": "calgary",
    "country": {
      "name": "Canada",
      "urlCode": "CA"
    }
  },
  {
    "id": "138",
    "name": "Hokkaido",
    "urlName": "hokkaido",
    "country": {
      "name": "Japan",
      "urlCode": "JP"
    }
  },
  {
    "id": "139",
    "name": "Kyushu",
    "urlName": "kyushu",
    "country": {
      "name": "Japan",
      "urlCode": "JP"
    }
  },
  {
    "id": "140",
    "name": "Chubu",
    "urlName": "chubu",
    "country": {
      "name": "Japan",
      "urlCode": "JP"
    }
  },
  {
    "id": "141",
    "name": "Chugoku",
    "urlName": "chugoku",
    "country": {
      "name": "Japan",
      "urlCode": "JP"
    }
  },
  {
    "id": "142",
    "name": "All",
    "urlName": "slovenia",
    "country": {
      "name": "Slovenia",
      "urlCode": "SI"
    }
  },
  {
    "id": "143",
    "name": "Cologne",
    "urlName": "cologne",
    "country": {
      "name": "Germany",
      "urlCode": "DE"
    }
  },
  {
    "id": "144",
    "name": "Dortmund / Essen",
    "urlName": "dortmundessen",
    "country": {
      "name": "Germany",
      "urlCode": "DE"
    }
  },
  {
    "id": "145",
    "name": "Düsseldorf",
    "urlName": "dusseldorf",
    "country": {
      "name": "Germany",
      "urlCode": "DE"
    }
  },
  {
    "id": "146",
    "name": "Hannover",
    "urlName": "hannover",
    "country": {
      "name": "Germany",
      "urlCode": "DE"
    }
  },
  {
    "id": "147",
    "name": "Frankfurt",
    "urlName": "frankfurt",
    "country": {
      "name": "Germany",
      "urlCode": "DE"
    }
  },
  {
    "id": "148",
    "name": "Hamburg",
    "urlName": "hamburg",
    "country": {
      "name": "Germany",
      "urlCode": "DE"
    }
  },
  {
    "id": "149",
    "name": "Leipzig",
    "urlName": "leipzig",
    "country": {
      "name": "Germany",
      "urlCode": "DE"
    }
  },
  {
    "id": "150",
    "name": "Dresden",
    "urlName": "dresden",
    "country": {
      "name": "Germany",
      "urlCode": "DE"
    }
  },
  {
    "id": "151",
    "name": "Munich",
    "urlName": "munich",
    "country": {
      "name": "Germany",
      "urlCode": "DE"
    }
  },
  {
    "id": "152",
    "name": "Stuttgart",
    "urlName": "stuttgart",
    "country": {
      "name": "Germany",
      "urlCode": "DE"
    }
  },
  {
    "id": "153",
    "name": "Mannheim",
    "urlName": "mannheim",
    "country": {
      "name": "Germany",
      "urlCode": "DE"
    }
  },
  {
    "id": "154",
    "name": "Nürnberg",
    "urlName": "nurnberg",
    "country": {
      "name": "Germany",
      "urlCode": "DE"
    }
  },
  {
    "id": "155",
    "name": "West",
    "urlName": "west",
    "country": {
      "name": "France",
      "urlCode": "FR"
    }
  },
  {
    "id": "156",
    "name": "South East",
    "urlName": "southeast",
    "country": {
      "name": "France",
      "urlCode": "FR"
    }
  },
  {
    "id": "157",
    "name": "French Riviera",
    "urlName": "frenchriviera",
    "country": {
      "name": "France",
      "urlCode": "FR"
    }
  },
  {
    "id": "158",
    "name": "All",
    "urlName": "monaco",
    "country": {
      "name": "Monaco",
      "urlCode": "MC"
    }
  },
  {
    "id": "159",
    "name": "All",
    "urlName": "austria",
    "country": {
      "name": "Austria",
      "urlCode": "AT"
    }
  },
  {
    "id": "160",
    "name": "East",
    "urlName": "east",
    "country": {
      "name": "Spain",
      "urlCode": "ES"
    }
  },
  {
    "id": "161",
    "name": "Windsor",
    "urlName": "windsor",
    "country": {
      "name": "Canada",
      "urlCode": "CA"
    }
  },
  {
    "id": "162",
    "name": "Other regions",
    "urlName": "otherregions",
    "country": {
      "name": "India",
      "urlCode": "IN"
    }
  },
  {
    "id": "163",
    "name": "All",
    "urlName": "colombia",
    "country": {
      "name": "Colombia",
      "urlCode": "CO"
    }
  },
  {
    "id": "164",
    "name": "All",
    "urlName": "malta",
    "country": {
      "name": "Malta",
      "urlCode": "MT"
    }
  },
  {
    "id": "165",
    "name": "All",
    "urlName": "ukraine",
    "country": {
      "name": "Ukraine",
      "urlCode": "UA"
    }
  },
  {
    "id": "166",
    "name": "All",
    "urlName": "pakistan",
    "country": {
      "name": "Pakistan",
      "urlCode": "PK"
    }
  },
  {
    "id": "167",
    "name": "All",
    "urlName": "honduras",
    "country": {
      "name": "Honduras",
      "urlCode": "HN"
    }
  },
  {
    "id": "168",
    "name": "All",
    "urlName": "philippines",
    "country": {
      "name": "Philippines",
      "urlCode": "PH"
    }
  },
  {
    "id": "169",
    "name": "South",
    "urlName": "south",
    "country": {
      "name": "Spain",
      "urlCode": "ES"
    }
  },
  {
    "id": "170",
    "name": "North",
    "urlName": "north",
    "country": {
      "name": "Spain",
      "urlCode": "ES"
    }
  },
  {
    "id": "171",
    "name": "North",
    "urlName": "north",
    "country": {
      "name": "Italy",
      "urlCode": "IT"
    }
  },
  {
    "id": "172",
    "name": "South",
    "urlName": "south",
    "country": {
      "name": "Italy",
      "urlCode": "IT"
    }
  },
  {
    "id": "173",
    "name": "All",
    "urlName": "morocco",
    "country": {
      "name": "Morocco",
      "urlCode": "MA"
    }
  },
  {
    "id": "174",
    "name": "Rotterdam",
    "urlName": "rotterdam",
    "country": {
      "name": "Netherlands",
      "urlCode": "NL"
    }
  },
  {
    "id": "175",
    "name": "Utrecht",
    "urlName": "utrecht",
    "country": {
      "name": "Netherlands",
      "urlCode": "NL"
    }
  },
  {
    "id": "176",
    "name": "All",
    "urlName": "Netherlands",
    "country": {
      "name": "Netherlands",
      "urlCode": "NL"
    }
  },
  {
    "id": "177",
    "name": "Eindhoven",
    "urlName": "eindhoven",
    "country": {
      "name": "Netherlands",
      "urlCode": "NL"
    }
  },
  {
    "id": "178",
    "name": "The Hague",
    "urlName": "thehague",
    "country": {
      "name": "Netherlands",
      "urlCode": "NL"
    }
  },
  {
    "id": "179",
    "name": "All",
    "urlName": "dominicanrepublic",
    "country": {
      "name": "Dominican Republic",
      "urlCode": "DO"
    }
  },
  {
    "id": "180",
    "name": "All",
    "urlName": "paraguay",
    "country": {
      "name": "Paraguay",
      "urlCode": "PY"
    }
  },
  {
    "id": "181",
    "name": "All",
    "urlName": "puertorico",
    "country": {
      "name": "Puerto Rico",
      "urlCode": "PR"
    }
  },
  {
    "id": "182",
    "name": "All",
    "urlName": "venezuela",
    "country": {
      "name": "Venezuela",
      "urlCode": "VE"
    }
  },
  {
    "id": "184",
    "name": "All",
    "urlName": "estonia",
    "country": {
      "name": "Estonia",
      "urlCode": "EE"
    }
  },
  {
    "id": "185",
    "name": "All",
    "urlName": "ecuador",
    "country": {
      "name": "Ecuador",
      "urlCode": "EC"
    }
  },
  {
    "id": "186",
    "name": "All",
    "urlName": "barbados",
    "country": {
      "name": "Barbados",
      "urlCode": "BB"
    }
  },
  {
    "id": "187",
    "name": "All",
    "urlName": "bosniaandherzegovina",
    "country": {
      "name": "Bosnia and Herzegovina",
      "urlCode": "BIH"
    }
  },
  {
    "id": "188",
    "name": "Tbilisi",
    "urlName": "tbilisi",
    "country": {
      "name": "Georgia",
      "urlCode": "GE"
    }
  },
  {
    "id": "189",
    "name": "All",
    "urlName": "belarus",
    "country": {
      "name": "Belarus",
      "urlCode": "BY"
    }
  },
  {
    "id": "190",
    "name": "Guangzhou",
    "urlName": "guangzhou",
    "country": {
      "name": "China",
      "urlCode": "CN"
    }
  },
  {
    "id": "191",
    "name": "Beijing",
    "urlName": "beijing",
    "country": {
      "name": "China",
      "urlCode": "CN"
    }
  },
  {
    "id": "192",
    "name": "All",
    "urlName": "jordan",
    "country": {
      "name": "Jordan",
      "urlCode": "JO"
    }
  },
  {
    "id": "193",
    "name": "All",
    "urlName": "montenegro",
    "country": {
      "name": "Montenegro",
      "urlCode": "ME"
    }
  },
  {
    "id": "194",
    "name": "All",
    "urlName": "uruguay",
    "country": {
      "name": "Uruguay",
      "urlCode": "UY"
    }
  },
  {
    "id": "195",
    "name": "All",
    "urlName": "bahrain",
    "country": {
      "name": "Bahrain",
      "urlCode": "BA"
    }
  },
  {
    "id": "196",
    "name": "All",
    "urlName": "tunisia",
    "country": {
      "name": "Tunisia",
      "urlCode": "TN"
    }
  },
  {
    "id": "197",
    "name": "All",
    "urlName": "cyprus",
    "country": {
      "name": "Cyprus",
      "urlCode": "CY"
    }
  },
  {
    "id": "198",
    "name": "All",
    "urlName": "moldova",
    "country": {
      "name": "Moldova",
      "urlCode": "MD"
    }
  },
  {
    "id": "199",
    "name": "All",
    "urlName": "luxembourg",
    "country": {
      "name": "Luxembourg",
      "urlCode": "LU"
    }
  },
  {
    "id": "200",
    "name": "All",
    "urlName": "bolivia",
    "country": {
      "name": "Bolivia",
      "urlCode": "BO"
    }
  },
  {
    "id": "201",
    "name": "All",
    "urlName": "iceland",
    "country": {
      "name": "Iceland",
      "urlCode": "IS"
    }
  },
  {
    "id": "202",
    "name": "All",
    "urlName": "guatemala",
    "country": {
      "name": "Guatemala",
      "urlCode": "GT"
    }
  },
  {
    "id": "203",
    "name": "All",
    "urlName": "qatar",
    "country": {
      "name": "Qatar",
      "urlCode": "QA"
    }
  },
  {
    "id": "204",
    "name": "All",
    "urlName": "malawi",
    "country": {
      "name": "Malawi",
      "urlCode": "MW"
    }
  },
  {
    "id": "205",
    "name": "All",
    "urlName": "vietnam",
    "country": {
      "name": "Vietnam",
      "urlCode": "VN"
    }
  },
  {
    "id": "206",
    "name": "All",
    "urlName": "iran",
    "country": {
      "name": "Iran",
      "urlCode": "IR"
    }
  },
  {
    "id": "207",
    "name": "All",
    "urlName": "caymanislands",
    "country": {
      "name": "Cayman Islands",
      "urlCode": "KY"
    }
  },
  {
    "id": "208",
    "name": "Brandenburg",
    "urlName": "brandenburg",
    "country": {
      "name": "Germany",
      "urlCode": "DE"
    }
  },
  {
    "id": "209",
    "name": "Augsburg",
    "urlName": "augsburg",
    "country": {
      "name": "Germany",
      "urlCode": "DE"
    }
  },
  {
    "id": "210",
    "name": "Jena",
    "urlName": "jena",
    "country": {
      "name": "Germany",
      "urlCode": "DE"
    }
  },
  {
    "id": "212",
    "name": "All",
    "urlName": "mongolia",
    "country": {
      "name": "Mongolia",
      "urlCode": "MN"
    }
  },
  {
    "id": "213",
    "name": "Abu Dhabi",
    "urlName": "abudhabi",
    "country": {
      "name": "United Arab Emirates",
      "urlCode": "AE"
    }
  },
  {
    "id": "214",
    "name": "All",
    "urlName": "kenya",
    "country": {
      "name": "Kenya",
      "urlCode": "KE"
    }
  },
  {
    "id": "215",
    "name": "All",
    "urlName": "oman",
    "country": {
      "name": "Oman",
      "urlCode": "OM"
    }
  },
  {
    "id": "216",
    "name": "All",
    "urlName": "uzbekistan",
    "country": {
      "name": "Uzbekistan",
      "urlCode": "UZ"
    }
  },
  {
    "id": "217",
    "name": "Suzhou",
    "urlName": "suzhou",
    "country": {
      "name": "China",
      "urlCode": "CN"
    }
  },
  {
    "id": "218",
    "name": "San Francisco/Oakland",
    "urlName": "sanfrancisco",
    "country": {
      "name": "United States of America",
      "urlCode": "US"
    }
  },
  {
    "id": "219",
    "name": "Heidelberg",
    "urlName": "heidelberg",
    "country": {
      "name": "Germany",
      "urlCode": "DE"
    }
  },
  {
    "id": "220",
    "name": "Karlsruhe",
    "urlName": "karlsruhe",
    "country": {
      "name": "Germany",
      "urlCode": "DE"
    }
  },
  {
    "id": "221",
    "name": "All",
    "urlName": "jamaica",
    "country": {
      "name": "Jamaica",
      "urlCode": "JM"
    }
  },
  {
    "id": "222",
    "name": "All",
    "urlName": "seychelles",
    "country": {
      "name": "Seychelles",
      "urlCode": "SC"
    }
  },
  {
    "id": "223",
    "name": "All",
    "urlName": "albania",
    "country": {
      "name": "Albania",
      "urlCode": "AL"
    }
  },
  {
    "id": "224",
    "name": "Regensburg",
    "urlName": "regensburg",
    "country": {
      "name": "Germany",
      "urlCode": "DE"
    }
  },
  {
    "id": "225",
    "name": "Bremen",
    "urlName": "bremen",
    "country": {
      "name": "Germany",
      "urlCode": "DE"
    }
  },
  {
    "id": "226",
    "name": "Mecklenburg-Vorpommern",
    "urlName": "mecklenburgvorpommern",
    "country": {
      "name": "Germany",
      "urlCode": "DE"
    }
  },
  {
    "id": "227",
    "name": "Saxony-Anhalt",
    "urlName": "saxonyanhalt",
    "country": {
      "name": "Germany",
      "urlCode": "DE"
    }
  },
  {
    "id": "228",
    "name": "Freiburg",
    "urlName": "freiburg",
    "country": {
      "name": "Germany",
      "urlCode": "DE"
    }
  },
  {
    "id": "229",
    "name": "Darmstadt",
    "urlName": "darmstadt",
    "country": {
      "name": "Germany",
      "urlCode": "DE"
    }
  },
  {
    "id": "231",
    "name": "Saint Petersburg",
    "urlName": "saintpetersburg",
    "country": {
      "name": "Russia",
      "urlCode": "RU"
    }
  },
  {
    "id": "232",
    "name": "Rest of Russia",
    "urlName": "restofrussia",
    "country": {
      "name": "Russia",
      "urlCode": "RU"
    }
  },
  {
    "id": "233",
    "name": "Kassel",
    "urlName": "kassel",
    "country": {
      "name": "Germany",
      "urlCode": "DE"
    }
  },
  {
    "id": "234",
    "name": "Hangzhou",
    "urlName": "hangzhou",
    "country": {
      "name": "China",
      "urlCode": "CN"
    }
  },
  {
    "id": "235",
    "name": "Erfurt",
    "urlName": "erfurt",
    "country": {
      "name": "Germany",
      "urlCode": "DE"
    }
  },
  {
    "id": "236",
    "name": "All",
    "urlName": "kuwait",
    "country": {
      "name": "Kuwait",
      "urlCode": "KW"
    }
  },
  {
    "id": "237",
    "name": "Krasnodar",
    "urlName": "krasnodar",
    "country": {
      "name": "Russia",
      "urlCode": "RU"
    }
  },
  {
    "id": "238",
    "name": "All",
    "urlName": "cuba",
    "country": {
      "name": "Cuba",
      "urlCode": "CU"
    }
  },
  {
    "id": "242",
    "name": "Okinawa",
    "urlName": "okinawa",
    "country": {
      "name": "Japan",
      "urlCode": "JP"
    }
  },
  {
    "id": "243",
    "name": "All",
    "urlName": "gibraltar",
    "country": {
      "name": "Gibraltar",
      "urlCode": "GI"
    }
  },
  {
    "id": "244",
    "name": "Macau",
    "urlName": "macau",
    "country": {
      "name": "China",
      "urlCode": "CN"
    }
  },
  {
    "id": "249",
    "name": "All",
    "urlName": "nicaragua",
    "country": {
      "name": "Nicaragua",
      "urlCode": "NU"
    }
  },
  {
    "id": "250",
    "name": "Quebec City",
    "urlName": "quebeccity",
    "country": {
      "name": "Canada",
      "urlCode": "CA"
    }
  },
  {
    "id": "252",
    "name": "Kanto",
    "urlName": "kanto",
    "country": {
      "name": "Japan",
      "urlCode": "JP"
    }
  },
  {
    "id": "254",
    "name": "Tohoku",
    "urlName": "tohoku",
    "country": {
      "name": "Japan",
      "urlCode": "JP"
    }
  },
  {
    "id": "258",
    "name": "Johannesburg",
    "urlName": "johannesburg",
    "country": {
      "name": "South Africa",
      "urlCode": "ZA"
    }
  },
  {
    "id": "259",
    "name": "Durban",
    "urlName": "durban",
    "country": {
      "name": "South Africa",
      "urlCode": "ZA"
    }
  },
  {
    "id": "260",
    "name": "All",
    "urlName": "southafrica",
    "country": {
      "name": "South Africa",
      "urlCode": "ZA"
    }
  },
  {
    "id": "264",
    "name": "All",
    "urlName": "armenia",
    "country": {
      "name": "Armenia",
      "urlCode": "AM"
    }
  },
  {
    "id": "265",
    "name": "Chemnitz",
    "urlName": "chemnitz",
    "country": {
      "name": "Germany",
      "urlCode": "DE"
    }
  },
  {
    "id": "266",
    "name": "Rhineland-Palatinate",
    "urlName": "rhinelandpalatinate",
    "country": {
      "name": "Germany",
      "urlCode": "DE"
    }
  },
  {
    "id": "269",
    "name": "All",
    "urlName": "bangladesh",
    "country": {
      "name": "Bangladesh",
      "urlCode": "BD"
    }
  },
  {
    "id": "270",
    "name": "All",
    "urlName": "azerbaijan",
    "country": {
      "name": "Azerbaijan",
      "urlCode": "AZ"
    }
  },
  {
    "id": "271",
    "name": "All",
    "urlName": "tanzania",
    "country": {
      "name": "Tanzania",
      "urlCode": "TZ"
    }
  },
  {
    "id": "272",
    "name": "All",
    "urlName": "cambodia",
    "country": {
      "name": "Cambodia",
      "urlCode": "KH"
    }
  },
  {
    "id": "273",
    "name": "Schleswig-Holstein",
    "urlName": "schleswigholstein",
    "country": {
      "name": "Germany",
      "urlCode": "DE"
    }
  },
  {
    "id": "274",
    "name": "Bielefeld",
    "urlName": "bielefeld",
    "country": {
      "name": "Germany",
      "urlCode": "DE"
    }
  },
  {
    "id": "275",
    "name": "Münster",
    "urlName": "munster",
    "country": {
      "name": "Germany",
      "urlCode": "DE"
    }
  },
  {
    "id": "276",
    "name": "Central",
    "urlName": "central",
    "country": {
      "name": "France",
      "urlCode": "FR"
    }
  },
  {
    "id": "277",
    "name": "East",
    "urlName": "east",
    "country": {
      "name": "France",
      "urlCode": "FR"
    }
  },
  {
    "id": "278",
    "name": "North",
    "urlName": "north",
    "country": {
      "name": "France",
      "urlCode": "FR"
    }
  },
  {
    "id": "279",
    "name": "Tianjin",
    "urlName": "tianjin",
    "country": {
      "name": "China",
      "urlCode": "CN"
    }
  },
  {
    "id": "280",
    "name": "Wuhan",
    "urlName": "wuhan",
    "country": {
      "name": "China",
      "urlCode": "CN"
    }
  },
  {
    "id": "281",
    "name": "Nanjing",
    "urlName": "nanjing",
    "country": {
      "name": "China",
      "urlCode": "CN"
    }
  },
  {
    "id": "282",
    "name": "Shenyang",
    "urlName": "shenyang",
    "country": {
      "name": "China",
      "urlCode": "CN"
    }
  },
  {
    "id": "283",
    "name": "Chengdu",
    "urlName": "chengdu",
    "country": {
      "name": "China",
      "urlCode": "CN"
    }
  },
  {
    "id": "284",
    "name": "Xiamen",
    "urlName": "xiamen",
    "country": {
      "name": "China",
      "urlCode": "CN"
    }
  },
  {
    "id": "285",
    "name": "Quanzhou",
    "urlName": "quanzhou",
    "country": {
      "name": "China",
      "urlCode": "CN"
    }
  },
  {
    "id": "286",
    "name": "South West",
    "urlName": "southwest",
    "country": {
      "name": "France",
      "urlCode": "FR"
    }
  },
  {
    "id": "287",
    "name": "All",
    "urlName": "nepal",
    "country": {
      "name": "Nepal",
      "urlCode": "NP"
    }
  },
  {
    "id": "288",
    "name": "All",
    "urlName": "andorra",
    "country": {
      "name": "Andorra",
      "urlCode": "AD"
    }
  },
  {
    "id": "289",
    "name": "All",
    "urlName": "srilanka",
    "country": {
      "name": "Sri Lanka",
      "urlCode": "LK"
    }
  },
  {
    "id": "290",
    "name": "All",
    "urlName": "guam",
    "country": {
      "name": "Guam",
      "urlCode": "GU"
    }
  },
  {
    "id": "294",
    "name": "Shikoku",
    "urlName": "shikoku",
    "country": {
      "name": "Japan",
      "urlCode": "JP"
    }
  },
  {
    "id": "296",
    "name": "All",
    "urlName": "bahamas",
    "country": {
      "name": "Bahamas",
      "urlCode": "BS"
    }
  },
  {
    "id": "297",
    "name": "All",
    "urlName": "kazakhstan",
    "country": {
      "name": "Kazakhstan",
      "urlCode": "KZ"
    }
  },
  {
    "id": "298",
    "name": "Bochum",
    "urlName": "bochum",
    "country": {
      "name": "Germany",
      "urlCode": "DE"
    }
  },
  {
    "id": "299",
    "name": "All",
    "urlName": "saudiarabia",
    "country": {
      "name": "Saudi Arabia",
      "urlCode": "SA"
    }
  },
  {
    "id": "302",
    "name": "Sicily",
    "urlName": "sicily",
    "country": {
      "name": "Italy",
      "urlCode": "IT"
    }
  },
  {
    "id": "303",
    "name": "All",
    "urlName": "nigeria",
    "country": {
      "name": "Nigeria",
      "urlCode": "NG"
    }
  },
  {
    "id": "304",
    "name": "All",
    "urlName": "mauritius",
    "country": {
      "name": "Mauritius",
      "urlCode": "MU"
    }
  },
  {
    "id": "305",
    "name": "All",
    "urlName": "mozambique",
    "country": {
      "name": "Mozambique",
      "urlCode": "MZ"
    }
  },
  {
    "id": "306",
    "name": "All",
    "urlName": "uganda",
    "country": {
      "name": "Uganda",
      "urlCode": "UG"
    }
  },
  {
    "id": "307",
    "name": "All",
    "urlName": "algeria",
    "country": {
      "name": "Algeria",
      "urlCode": "DZ"
    }
  },
  {
    "id": "308",
    "name": "California",
    "urlName": "california",
    "country": {
      "name": "United States of America",
      "urlCode": "US"
    }
  },
  {
    "id": "309",
    "name": "San Diego",
    "urlName": "sandiego",
    "country": {
      "name": "United States of America",
      "urlCode": "US"
    }
  },
  {
    "id": "310",
    "name": "Sacramento",
    "urlName": "sacramento",
    "country": {
      "name": "United States of America",
      "urlCode": "US"
    }
  },
  {
    "id": "311",
    "name": "Changsha",
    "urlName": "changsha",
    "country": {
      "name": "China",
      "urlCode": "CN"
    }
  },
  {
    "id": "312",
    "name": "All",
    "urlName": "angola",
    "country": {
      "name": "Angola",
      "urlCode": "AO"
    }
  },
  {
    "id": "313",
    "name": "All",
    "urlName": "zimbabwe",
    "country": {
      "name": "Zimbabwe",
      "urlCode": "ZW"
    }
  },
  {
    "id": "314",
    "name": "Jacksonville",
    "urlName": "jacksonville",
    "country": {
      "name": "United States of America",
      "urlCode": "US"
    }
  },
  {
    "id": "315",
    "name": "Orlando",
    "urlName": "orlando",
    "country": {
      "name": "United States of America",
      "urlCode": "US"
    }
  },
  {
    "id": "316",
    "name": "Tampa Bay",
    "urlName": "tampabay",
    "country": {
      "name": "United States of America",
      "urlCode": "US"
    }
  },
  {
    "id": "317",
    "name": "Florida",
    "urlName": "florida",
    "country": {
      "name": "United States of America",
      "urlCode": "US"
    }
  },
  {
    "id": "318",
    "name": "Texas",
    "urlName": "texas",
    "country": {
      "name": "United States of America",
      "urlCode": "US"
    }
  },
  {
    "id": "319",
    "name": "Dallas/Fort Worth",
    "urlName": "dallasfortworth",
    "country": {
      "name": "United States of America",
      "urlCode": "US"
    }
  },
  {
    "id": "320",
    "name": "San Antonio",
    "urlName": "sanantonio",
    "country": {
      "name": "United States of America",
      "urlCode": "US"
    }
  },
  {
    "id": "321",
    "name": "Austin",
    "urlName": "austin",
    "country": {
      "name": "United States of America",
      "urlCode": "US"
    }
  },
  {
    "id": "322",
    "name": "El Paso",
    "urlName": "elpaso",
    "country": {
      "name": "United States of America",
      "urlCode": "US"
    }
  },
  {
    "id": "323",
    "name": "Goa",
    "urlName": "goa",
    "country": {
      "name": "India",
      "urlCode": "IN"
    }
  },
  {
    "id": "324",
    "name": "Delhi",
    "urlName": "delhi",
    "country": {
      "name": "India",
      "urlCode": "IN"
    }
  },
  {
    "id": "325",
    "name": "Bangalore",
    "urlName": "bangalore",
    "country": {
      "name": "India",
      "urlCode": "IN"
    }
  },
  {
    "id": "326",
    "name": "Hyderabad",
    "urlName": "hyderabad",
    "country": {
      "name": "India",
      "urlCode": "IN"
    }
  },
  {
    "id": "327",
    "name": "Chennai",
    "urlName": "chennai",
    "country": {
      "name": "India",
      "urlCode": "IN"
    }
  },
  {
    "id": "328",
    "name": "Mumbai",
    "urlName": "mumbai",
    "country": {
      "name": "India",
      "urlCode": "IN"
    }
  },
  {
    "id": "329",
    "name": "Pune",
    "urlName": "pune",
    "country": {
      "name": "India",
      "urlCode": "IN"
    }
  },
  {
    "id": "330",
    "name": "All",
    "urlName": "bermuda",
    "country": {
      "name": "Bermuda",
      "urlCode": "BM"
    }
  },
  {
    "id": "331",
    "name": "All",
    "urlName": "belize",
    "country": {
      "name": "Belize",
      "urlCode": "BH"
    }
  },
  {
    "id": "332",
    "name": "Chongqing",
    "urlName": "chongqing",
    "country": {
      "name": "China",
      "urlCode": "CN"
    }
  },
  {
    "id": "333",
    "name": "Saarland",
    "urlName": "saarland",
    "country": {
      "name": "Germany",
      "urlCode": "DE"
    }
  },
  {
    "id": "334",
    "name": "All",
    "urlName": "curacao",
    "country": {
      "name": "Curacao",
      "urlCode": "CW"
    }
  },
  {
    "id": "335",
    "name": "All",
    "urlName": "myanmar",
    "country": {
      "name": "Myanmar",
      "urlCode": "MM"
    }
  },
  {
    "id": "336",
    "name": "Baden-Württemberg",
    "urlName": "badenwurttemberg",
    "country": {
      "name": "Germany",
      "urlCode": "DE"
    }
  },
  {
    "id": "337",
    "name": "Lyon",
    "urlName": "lyon",
    "country": {
      "name": "France",
      "urlCode": "FR"
    }
  },
  {
    "id": "338",
    "name": "Marseille",
    "urlName": "marseille",
    "country": {
      "name": "France",
      "urlCode": "FR"
    }
  },
  {
    "id": "339",
    "name": "Montpellier",
    "urlName": "montpellier",
    "country": {
      "name": "France",
      "urlCode": "FR"
    }
  },
  {
    "id": "340",
    "name": "Glasgow",
    "urlName": "glasgow",
    "country": {
      "name": "United Kingdom",
      "urlCode": "UK"
    }
  },
  {
    "id": "341",
    "name": "Edinburgh",
    "urlName": "edinburgh",
    "country": {
      "name": "United Kingdom",
      "urlCode": "UK"
    }
  },
  {
    "id": "342",
    "name": "Aberdeen",
    "urlName": "aberdeen",
    "country": {
      "name": "United Kingdom",
      "urlCode": "UK"
    }
  },
  {
    "id": "343",
    "name": "Liverpool",
    "urlName": "liverpool",
    "country": {
      "name": "United Kingdom",
      "urlCode": "UK"
    }
  },
  {
    "id": "344",
    "name": "Manchester",
    "urlName": "manchester",
    "country": {
      "name": "United Kingdom",
      "urlCode": "UK"
    }
  },
  {
    "id": "345",
    "name": "Newcastle",
    "urlName": "newcastle",
    "country": {
      "name": "United Kingdom",
      "urlCode": "UK"
    }
  },
  {
    "id": "346",
    "name": "Leeds",
    "urlName": "leeds",
    "country": {
      "name": "United Kingdom",
      "urlCode": "UK"
    }
  },
  {
    "id": "347",
    "name": "Milan",
    "urlName": "milan",
    "country": {
      "name": "Italy",
      "urlCode": "IT"
    }
  },
  {
    "id": "348",
    "name": "Turin",
    "urlName": "turin",
    "country": {
      "name": "Italy",
      "urlCode": "IT"
    }
  },
  {
    "id": "349",
    "name": "Venice",
    "urlName": "venice",
    "country": {
      "name": "Italy",
      "urlCode": "IT"
    }
  },
  {
    "id": "350",
    "name": "Bologna",
    "urlName": "bologna",
    "country": {
      "name": "Italy",
      "urlCode": "IT"
    }
  },
  {
    "id": "351",
    "name": "Rome",
    "urlName": "rome",
    "country": {
      "name": "Italy",
      "urlCode": "IT"
    }
  },
  {
    "id": "352",
    "name": "Florence",
    "urlName": "florence",
    "country": {
      "name": "Italy",
      "urlCode": "IT"
    }
  },
  {
    "id": "353",
    "name": "North Rhine-Westphalia",
    "urlName": "northrhinewestphalia",
    "country": {
      "name": "Germany",
      "urlCode": "DE"
    }
  },
  {
    "id": "354",
    "name": "Hesse",
    "urlName": "hesse",
    "country": {
      "name": "Germany",
      "urlCode": "DE"
    }
  },
  {
    "id": "355",
    "name": "Thuringia",
    "urlName": "thuringia",
    "country": {
      "name": "Germany",
      "urlCode": "DE"
    }
  },
  {
    "id": "356",
    "name": "Saxony",
    "urlName": "saxony",
    "country": {
      "name": "Germany",
      "urlCode": "DE"
    }
  },
  {
    "id": "357",
    "name": "Bavaria",
    "urlName": "bavaria",
    "country": {
      "name": "Germany",
      "urlCode": "DE"
    }
  },
  {
    "id": "358",
    "name": "Lower Saxony",
    "urlName": "lowersaxony",
    "country": {
      "name": "Germany",
      "urlCode": "DE"
    }
  },
  {
    "id": "359",
    "name": "Illinois",
    "urlName": "illinois",
    "country": {
      "name": "United States of America",
      "urlCode": "US"
    }
  },
  {
    "id": "360",
    "name": "Michigan",
    "urlName": "michigan",
    "country": {
      "name": "United States of America",
      "urlCode": "US"
    }
  },
  {
    "id": "361",
    "name": "Shenzhen",
    "urlName": "shenzhen",
    "country": {
      "name": "China",
      "urlCode": "CN"
    }
  },
  {
    "id": "362",
    "name": "All",
    "urlName": "kosovo",
    "country": {
      "name": "Kosovo",
      "urlCode": "XK"
    }
  },
  {
    "id": "363",
    "name": "All",
    "urlName": "saintmartin",
    "country": {
      "name": "Saint Martin",
      "urlCode": "RN"
    }
  },
  {
    "id": "364",
    "name": "Porto",
    "urlName": "porto",
    "country": {
      "name": "Portugal",
      "urlCode": "PT"
    }
  },
  {
    "id": "365",
    "name": "Algarve",
    "urlName": "algarve",
    "country": {
      "name": "Portugal",
      "urlCode": "PT"
    }
  },
  {
    "id": "366",
    "name": "All",
    "urlName": "portugalall",
    "country": {
      "name": "Portugal",
      "urlCode": "PT"
    }
  },
  {
    "id": "367",
    "name": "Canary Islands",
    "urlName": "canaryislands",
    "country": {
      "name": "Spain",
      "urlCode": "ES"
    }
  },
  {
    "id": "368",
    "name": "All",
    "urlName": "palestine",
    "country": {
      "name": "Palestine",
      "urlCode": "PS"
    }
  },
  {
    "id": "369",
    "name": "All",
    "urlName": "rwanda",
    "country": {
      "name": "Rwanda",
      "urlCode": "RW"
    }
  },
  {
    "id": "370",
    "name": "All",
    "urlName": "senegal",
    "country": {
      "name": "Senegal",
      "urlCode": "sn"
    }
  },
  {
    "id": "371",
    "name": "Kunming",
    "urlName": "kunming",
    "country": {
      "name": "China",
      "urlCode": "CN"
    }
  },
  {
    "id": "372",
    "name": "Kolkata",
    "urlName": "kolkata",
    "country": {
      "name": "India",
      "urlCode": "IN"
    }
  },
  {
    "id": "373",
    "name": "Bogotá",
    "urlName": "bogota",
    "country": {
      "name": "Colombia",
      "urlCode": "CO"
    }
  },
  {
    "id": "374",
    "name": "Medellin",
    "urlName": "Medellin",
    "country": {
      "name": "Colombia",
      "urlCode": "CO"
    }
  },
  {
    "id": "375",
    "name": "Cali",
    "urlName": "cali",
    "country": {
      "name": "Colombia",
      "urlCode": "CO"
    }
  },
  {
    "id": "376",
    "name": "All",
    "urlName": "georgia",
    "country": {
      "name": "Georgia",
      "urlCode": "GE"
    }
  },
  {
    "id": "377",
    "name": "Batumi",
    "urlName": "batumi",
    "country": {
      "name": "Georgia",
      "urlCode": "GE"
    }
  },
  {
    "id": "378",
    "name": "All",
    "urlName": "turkey",
    "country": {
      "name": "Turkey",
      "urlCode": "TK"
    }
  },
  {
    "id": "379",
    "name": "Ankara",
    "urlName": "ankara",
    "country": {
      "name": "Turkey",
      "urlCode": "TK"
    }
  },
  {
    "id": "380",
    "name": "Izmir",
    "urlName": "izmir",
    "country": {
      "name": "Turkey",
      "urlCode": "TK"
    }
  },
  {
    "id": "381",
    "name": "Bucharest",
    "urlName": "bucharest",
    "country": {
      "name": "Romania",
      "urlCode": "RO"
    }
  },
  {
    "id": "382",
    "name": "Cluj-Napoca",
    "urlName": "cluj-napoca",
    "country": {
      "name": "Romania",
      "urlCode": "RO"
    }
  },
  {
    "id": "383",
    "name": "Iasi",
    "urlName": "iasi",
    "country": {
      "name": "Romania",
      "urlCode": "RO"
    }
  },
  {
    "id": "384",
    "name": "Montevideo",
    "urlName": "montevideo",
    "country": {
      "name": "Uruguay",
      "urlCode": "UY"
    }
  },
  {
    "id": "385",
    "name": "Santiago",
    "urlName": "santiago",
    "country": {
      "name": "Chile",
      "urlCode": "CL"
    }
  },
  {
    "id": "386",
    "name": "Dublin",
    "urlName": "dublin",
    "country": {
      "name": "Ireland",
      "urlCode": "IE"
    }
  },
  {
    "id": "387",
    "name": "Cork",
    "urlName": "cork",
    "country": {
      "name": "Ireland",
      "urlCode": "IE"
    }
  },
  {
    "id": "388",
    "name": "Limerick",
    "urlName": "limerick",
    "country": {
      "name": "Ireland",
      "urlCode": "IE"
    }
  },
  {
    "id": "389",
    "name": "Galway",
    "urlName": "galway",
    "country": {
      "name": "Ireland",
      "urlCode": "IE"
    }
  },
  {
    "id": "390",
    "name": "Zurich",
    "urlName": "zurich",
    "country": {
      "name": "Switzerland",
      "urlCode": "CH"
    }
  },
  {
    "id": "391",
    "name": "Basel",
    "urlName": "basel",
    "country": {
      "name": "Switzerland",
      "urlCode": "CH"
    }
  },
  {
    "id": "392",
    "name": "Geneva",
    "urlName": "geneva",
    "country": {
      "name": "Switzerland",
      "urlCode": "CH"
    }
  },
  {
    "id": "393",
    "name": "Lausanne",
    "urlName": "lausanne",
    "country": {
      "name": "Switzerland",
      "urlCode": "CH"
    }
  },
  {
    "id": "394",
    "name": "Bern",
    "urlName": "bern",
    "country": {
      "name": "Switzerland",
      "urlCode": "CH"
    }
  },
  {
    "id": "395",
    "name": "Buenos Aires",
    "urlName": "buenosaires",
    "country": {
      "name": "Argentina",
      "urlCode": "AR"
    }
  },
  {
    "id": "396",
    "name": "Stockholm",
    "urlName": "stockholm",
    "country": {
      "name": "Sweden",
      "urlCode": "SE"
    }
  },
  {
    "id": "397",
    "name": "Gothenburg",
    "urlName": "othenburg",
    "country": {
      "name": "Sweden",
      "urlCode": "SE"
    }
  },
  {
    "id": "398",
    "name": "Malmo",
    "urlName": "malmo",
    "country": {
      "name": "Sweden",
      "urlCode": "SE"
    }
  },
  {
    "id": "399",
    "name": "Mexico City",
    "urlName": "mexicocity",
    "country": {
      "name": "Mexico",
      "urlCode": "MX"
    }
  },
  {
    "id": "400",
    "name": "Sao Paulo",
    "urlName": "saopaulo",
    "country": {
      "name": "Brazil",
      "urlCode": "BR"
    }
  },
  {
    "id": "401",
    "name": "Rio de Janeiro",
    "urlName": "riodejaneiro",
    "country": {
      "name": "Brazil",
      "urlCode": "BR"
    }
  },
  {
    "id": "402",
    "name": "Copenhagen",
    "urlName": "copenhagen",
    "country": {
      "name": "Denmark",
      "urlCode": "DK"
    }
  },
  {
    "id": "403",
    "name": "Aarhus",
    "urlName": "aarhus",
    "country": {
      "name": "Denmark",
      "urlCode": "DK"
    }
  },
  {
    "id": "404",
    "name": "Antwerp",
    "urlName": "antwerp",
    "country": {
      "name": "Belgium",
      "urlCode": "BE"
    }
  },
  {
    "id": "405",
    "name": "Brussels",
    "urlName": "brussels",
    "country": {
      "name": "Belgium",
      "urlCode": "BE"
    }
  },
  {
    "id": "406",
    "name": "Naples",
    "urlName": "naples",
    "country": {
      "name": "Italy",
      "urlCode": "IT"
    }
  },
  {
    "id": "407",
    "name": "Helsinki",
    "urlName": "helsinki",
    "country": {
      "name": "Finland",
      "urlCode": "FI"
    }
  },
  {
    "id": "408",
    "name": "Oslo",
    "urlName": "oslo",
    "country": {
      "name": "Norway",
      "urlCode": "NO"
    }
  },
  {
    "id": "409",
    "name": "Bergen",
    "urlName": "bergen",
    "country": {
      "name": "Norway",
      "urlCode": "NO"
    }
  },
  {
    "id": "410",
    "name": "Oregon",
    "urlName": "oregon",
    "country": {
      "name": "United States of America",
      "urlCode": "US"
    }
  },
  {
    "id": "411",
    "name": "Washington State",
    "urlName": "washingtonstate",
    "country": {
      "name": "United States of America",
      "urlCode": "US"
    }
  },
  {
    "id": "412",
    "name": "Taipei",
    "urlName": "taipei",
    "country": {
      "name": "Taiwan",
      "urlCode": "TW"
    }
  },
  {
    "id": "413",
    "name": "Tel Aviv",
    "urlName": "telaviv",
    "country": {
      "name": "Israel",
      "urlCode": "IL"
    }
  },
  {
    "id": "414",
    "name": "All",
    "urlName": "sudan",
    "country": {
      "name": "Sudan",
      "urlCode": "SD"
    }
  },
  {
    "id": "415",
    "name": "All",
    "urlName": "southsudan",
    "country": {
      "name": "South Sudan",
      "urlCode": "SS"
    }
  },
  {
    "id": "416",
    "name": "All",
    "urlName": "samoa",
    "country": {
      "name": "Samoa",
      "urlCode": "WS"
    }
  },
  {
    "id": "417",
    "name": "All",
    "urlName": "antiguaandbarbuda",
    "country": {
      "name": "Antigua and Barbuda",
      "urlCode": "AG"
    }
  },
  {
    "id": "418",
    "name": "All",
    "urlName": "benin",
    "country": {
      "name": "Benin",
      "urlCode": "BJ"
    }
  },
  {
    "id": "419",
    "name": "All",
    "urlName": "bhutan",
    "country": {
      "name": "Bhutan",
      "urlCode": "BT"
    }
  },
  {
    "id": "420",
    "name": "All",
    "urlName": "botswana",
    "country": {
      "name": "Botswana",
      "urlCode": "BW"
    }
  },
  {
    "id": "421",
    "name": "All",
    "urlName": "burkinafaso",
    "country": {
      "name": "Burkina Faso",
      "urlCode": "BF"
    }
  },
  {
    "id": "422",
    "name": "All",
    "urlName": "cameroon",
    "country": {
      "name": "Cameroon",
      "urlCode": "CM"
    }
  },
  {
    "id": "423",
    "name": "All",
    "urlName": "cotedIvoire",
    "country": {
      "name": "Ivory Coast",
      "urlCode": "CI"
    }
  },
  {
    "id": "424",
    "name": "All",
    "urlName": "democraticrepublicofthecongo",
    "country": {
      "name": "Democratic Republic of the Congo",
      "urlCode": "CD"
    }
  },
  {
    "id": "425",
    "name": "All",
    "urlName": "gambia",
    "country": {
      "name": "Gambia",
      "urlCode": "GM"
    }
  },
  {
    "id": "426",
    "name": "All",
    "urlName": "ghana",
    "country": {
      "name": "Ghana",
      "urlCode": "GH"
    }
  },
  {
    "id": "427",
    "name": "All",
    "urlName": "laos",
    "country": {
      "name": "Laos",
      "urlCode": "LA"
    }
  },
  {
    "id": "428",
    "name": "All",
    "urlName": "madagascar",
    "country": {
      "name": "Madagascar",
      "urlCode": "MG"
    }
  },
  {
    "id": "429",
    "name": "All",
    "urlName": "maldives",
    "country": {
      "name": "Maldives",
      "urlCode": "MV"
    }
  },
  {
    "id": "431",
    "name": "All",
    "urlName": "saintlucia",
    "country": {
      "name": "Saint Lucia",
      "urlCode": "LC"
    }
  },
  {
    "id": "432",
    "name": "All",
    "urlName": "saintkittsandnevis",
    "country": {
      "name": "Saint Kitts and Nevis",
      "urlCode": "KN"
    }
  },
  {
    "id": "433",
    "name": "New South Wales",
    "urlName": "newsouthwales",
    "country": {
      "name": "Australia",
      "urlCode": "AU"
    }
  },
  {
    "id": "434",
    "name": "Victoria",
    "urlName": "victoria",
    "country": {
      "name": "Australia",
      "urlCode": "AU"
    }
  },
  {
    "id": "435",
    "name": "Queensland",
    "urlName": "queensland",
    "country": {
      "name": "Australia",
      "urlCode": "AU"
    }
  },
  {
    "id": "436",
    "name": "South Australia",
    "urlName": "southaustralia",
    "country": {
      "name": "Australia",
      "urlCode": "AU"
    }
  },
  {
    "id": "437",
    "name": "Western Australia",
    "urlName": "westernaustralia",
    "country": {
      "name": "Australia",
      "urlCode": "AU"
    }
  },
  {
    "id": "438",
    "name": "Tasmania",
    "urlName": "tasmania",
    "country": {
      "name": "Australia",
      "urlCode": "AU"
    }
  },
  {
    "id": "439",
    "name": "Australian Capital Territory",
    "urlName": "australiancapitalterritory",
    "country": {
      "name": "Australia",
      "urlCode": "AU"
    }
  },
  {
    "id": "440",
    "name": "Northern Territory",
    "urlName": "northernterritory",
    "country": {
      "name": "Australia",
      "urlCode": "AU"
    }
  },
  {
    "id": "441",
    "name": "Darwin",
    "urlName": "darwin",
    "country": {
      "name": "Australia",
      "urlCode": "AU"
    }
  },
  {
    "id": "442",
    "name": "All",
    "urlName": "trinidadandtobago",
    "country": {
      "name": "Trinidad and Tobago",
      "urlCode": "TT"
    }
  },
  {
    "id": "443",
    "name": "Buffalo/Rochester",
    "urlName": "buffalorochester",
    "country": {
      "name": "United States of America",
      "urlCode": "US"
    }
  },
  {
    "id": "444",
    "name": "Xi'an",
    "urlName": "Xian",
    "country": {
      "name": "China",
      "urlCode": "CN"
    }
  },
  {
    "id": "445",
    "name": "Jinan",
    "urlName": "jinan",
    "country": {
      "name": "China",
      "urlCode": "CN"
    }
  },
  {
    "id": "446",
    "name": "Bristol",
    "urlName": "bristol",
    "country": {
      "name": "United Kingdom",
      "urlCode": "UK"
    }
  },
  {
    "id": "447",
    "name": "Qingdao",
    "urlName": "qingdao",
    "country": {
      "name": "China",
      "urlCode": "CN"
    }
  },
  {
    "id": "448",
    "name": "French West Indies",
    "urlName": "frenchwestindies",
    "country": {
      "name": "France",
      "urlCode": "FR"
    }
  },
  {
    "id": "449",
    "name": "Budapest",
    "urlName": "budapest",
    "country": {
      "name": "Hungary",
      "urlCode": "HU"
    }
  },
  {
    "id": "450",
    "name": "Vienna",
    "urlName": "vienna",
    "country": {
      "name": "Austria",
      "urlCode": "AT"
    }
  },
  {
    "id": "451",
    "name": "Prague",
    "urlName": "prague",
    "country": {
      "name": "Czech Republic",
      "urlCode": "CZ"
    }
  },
  {
    "id": "452",
    "name": "All",
    "urlName": "all",
    "country": {
      "name": "Tajikistan",
      "urlCode": "TJ"
    }
  },
  {
    "id": "453",
    "name": "Bangkok",
    "urlName": "bangkok",
    "country": {
      "name": "Thailand",
      "urlCode": "TH"
    }
  },
  {
    "id": "454",
    "name": "Warsaw",
    "urlName": "warsaw",
    "country": {
      "name": "Poland",
      "urlCode": "PL"
    }
  },
  {
    "id": "455",
    "name": "Krakow",
    "urlName": "krakow",
    "country": {
      "name": "Poland",
      "urlCode": "PL"
    }
  },
  {
    "id": "456",
    "name": "All",
    "urlName": "fiji",
    "country": {
      "name": "Fiji",
      "urlCode": "FJ"
    }
  },
  {
    "id": "457",
    "name": "All",
    "urlName": "somalia",
    "country": {
      "name": "Somalia",
      "urlCode": "SO"
    }
  },
  {
    "id": "458",
    "name": "All",
    "urlName": "ethiopia",
    "country": {
      "name": "Ethiopia",
      "urlCode": "ET"
    }
  },
  {
    "id": "463",
    "name": "All",
    "urlName": "streamland",
    "country": {
      "name": "Streamland",
      "urlCode": "00"
    }
  },
  {
    "id": "465",
    "name": "All",
    "urlName": "zambia",
    "country": {
      "name": "Zambia",
      "urlCode": "ZM"
    }
  },
  {
    "id": "466",
    "name": "All",
    "urlName": "afghanistan",
    "country": {
      "name": "Afghanistan",
      "urlCode": "AF"
    }
  },
  {
    "id": "467",
    "name": "All",
    "urlName": "capeverde",
    "country": {
      "name": "Cape Verde",
      "urlCode": "CV"
    }
  },
  {
    "id": "468",
    "name": "All",
    "urlName": "centralafricanrepublic",
    "country": {
      "name": "Central African Republic",
      "urlCode": "CF"
    }
  },
  {
    "id": "469",
    "name": "All",
    "urlName": "chad",
    "country": {
      "name": "Chad",
      "urlCode": "TD"
    }
  },
  {
    "id": "470",
    "name": "All",
    "urlName": "comoros",
    "country": {
      "name": "Comoros",
      "urlCode": "KM"
    }
  },
  {
    "id": "471",
    "name": "All",
    "urlName": "republicofthecongo",
    "country": {
      "name": "Republic of the Congo",
      "urlCode": "CG"
    }
  },
  {
    "id": "472",
    "name": "All",
    "urlName": "dominica",
    "country": {
      "name": "Dominica",
      "urlCode": "DM"
    }
  },
  {
    "id": "473",
    "name": "All",
    "urlName": "democraticrepublicoftimor-leste",
    "country": {
      "name": "East Timor",
      "urlCode": "TL"
    }
  },
  {
    "id": "474",
    "name": "All",
    "urlName": "equatorialguinea",
    "country": {
      "name": "Equatorial Guinea",
      "urlCode": "GQ"
    }
  },
  {
    "id": "475",
    "name": "All",
    "urlName": "eritrea",
    "country": {
      "name": "Eritrea",
      "urlCode": "ER"
    }
  },
  {
    "id": "476",
    "name": "All",
    "urlName": "eswatini",
    "country": {
      "name": "Eswatini",
      "urlCode": "SZ"
    }
  },
  {
    "id": "477",
    "name": "All",
    "urlName": "gabon",
    "country": {
      "name": "Gabon",
      "urlCode": "GA"
    }
  },
  {
    "id": "478",
    "name": "All",
    "urlName": "grenada",
    "country": {
      "name": "Grenada",
      "urlCode": "GD"
    }
  },
  {
    "id": "479",
    "name": "All",
    "urlName": "guinea",
    "country": {
      "name": "Guinea",
      "urlCode": "GN"
    }
  },
  {
    "id": "480",
    "name": "All",
    "urlName": "guineabissau",
    "country": {
      "name": "Guinea-Bissau",
      "urlCode": "GW"
    }
  },
  {
    "id": "481",
    "name": "All",
    "urlName": "guyana",
    "country": {
      "name": "Guyana",
      "urlCode": "GY"
    }
  },
  {
    "id": "482",
    "name": "All",
    "urlName": "haiti",
    "country": {
      "name": "Haiti",
      "urlCode": "HT"
    }
  },
  {
    "id": "483",
    "name": "All",
    "urlName": "iraq",
    "country": {
      "name": "Iraq",
      "urlCode": "IQ"
    }
  },
  {
    "id": "484",
    "name": "All",
    "urlName": "kiribati",
    "country": {
      "name": "Kiribati",
      "urlCode": "KI"
    }
  },
  {
    "id": "485",
    "name": "All",
    "urlName": "kyrgyzstan",
    "country": {
      "name": "Kyrgyzstan",
      "urlCode": "KG"
    }
  },
  {
    "id": "487",
    "name": "All",
    "urlName": "lesotho",
    "country": {
      "name": "Lesotho",
      "urlCode": "LS"
    }
  },
  {
    "id": "488",
    "name": "All",
    "urlName": "liberia",
    "country": {
      "name": "Liberia",
      "urlCode": "LR"
    }
  },
  {
    "id": "489",
    "name": "All",
    "urlName": "libya",
    "country": {
      "name": "Libya",
      "urlCode": "LY"
    }
  },
  {
    "id": "490",
    "name": "All",
    "urlName": "liechtenstein",
    "country": {
      "name": "Liechtenstein",
      "urlCode": "LI"
    }
  },
  {
    "id": "491",
    "name": "All",
    "urlName": "mali",
    "country": {
      "name": "Mali",
      "urlCode": "ML"
    }
  },
  {
    "id": "492",
    "name": "All",
    "urlName": "marshallislands",
    "country": {
      "name": "Marshall Islands",
      "urlCode": "MH"
    }
  },
  {
    "id": "493",
    "name": "All",
    "urlName": "mauritania",
    "country": {
      "name": "Mauritania",
      "urlCode": "MR"
    }
  },
  {
    "id": "494",
    "name": "All",
    "urlName": "federatedstatesofmicronesia",
    "country": {
      "name": "Federated States of Micronesia",
      "urlCode": "FM"
    }
  },
  {
    "id": "495",
    "name": "All",
    "urlName": "namibia",
    "country": {
      "name": "Namibia",
      "urlCode": "NA"
    }
  },
  {
    "id": "496",
    "name": "All",
    "urlName": "nauru",
    "country": {
      "name": "Nauru",
      "urlCode": "NR"
    }
  },
  {
    "id": "497",
    "name": "All",
    "urlName": "niger",
    "country": {
      "name": "Niger",
      "urlCode": "NE"
    }
  },
  {
    "id": "498",
    "name": "All",
    "urlName": "northmacedonia",
    "country": {
      "name": "North Macedonia",
      "urlCode": "MK"
    }
  },
  {
    "id": "499",
    "name": "All",
    "urlName": "palau",
    "country": {
      "name": "Palau",
      "urlCode": "PW"
    }
  },
  {
    "id": "500",
    "name": "All",
    "urlName": "papuanewguinea",
    "country": {
      "name": "Papua New Guinea",
      "urlCode": "PG"
    }
  },
  {
    "id": "501",
    "name": "All",
    "urlName": "sanmarino",
    "country": {
      "name": "San Marino",
      "urlCode": "SM"
    }
  },
  {
    "id": "502",
    "name": "All",
    "urlName": "saotomeandprincipe",
    "country": {
      "name": "Sao Tome and Principe",
      "urlCode": "ST"
    }
  },
  {
    "id": "503",
    "name": "All",
    "urlName": "sierraleone",
    "country": {
      "name": "Sierra Leone",
      "urlCode": "SL"
    }
  },
  {
    "id": "504",
    "name": "All",
    "urlName": "solomonisland",
    "country": {
      "name": "Solomon Islands",
      "urlCode": "SB"
    }
  },
  {
    "id": "505",
    "name": "All",
    "urlName": "suriname",
    "country": {
      "name": "Suriname",
      "urlCode": "SR"
    }
  },
  {
    "id": "506",
    "name": "All",
    "urlName": "syria",
    "country": {
      "name": "Syria",
      "urlCode": "SY"
    }
  },
  {
    "id": "507",
    "name": "All",
    "urlName": "togo",
    "country": {
      "name": "Togo",
      "urlCode": "TG"
    }
  },
  {
    "id": "508",
    "name": "All",
    "urlName": "tonga",
    "country": {
      "name": "Tonga",
      "urlCode": "TO"
    }
  },
  {
    "id": "509",
    "name": "All",
    "urlName": "turkmenistan",
    "country": {
      "name": "Turkmenistan",
      "urlCode": "TM"
    }
  },
  {
    "id": "510",
    "name": "All",
    "urlName": "tuvalu",
    "country": {
      "name": "Tuvalu",
      "urlCode": "TV"
    }
  },
  {
    "id": "511",
    "name": "All",
    "urlName": "vanuatu",
    "country": {
      "name": "Vanuatu",
      "urlCode": "VU"
    }
  },
  {
    "id": "512",
    "name": "All",
    "urlName": "brunei",
    "country": {
      "name": "Brunei",
      "urlCode": "BN"
    }
  },
  {
    "id": "513",
    "name": "All",
    "urlName": "burundi",
    "country": {
      "name": "Burundi",
      "urlCode": "BI"
    }
  },
  {
    "id": "514",
    "name": "All",
    "urlName": "djibouti",
    "country": {
      "name": "Djibouti",
      "urlCode": "DJ"
    }
  },
  {
    "id": "515",
    "name": "Odense",
    "urlName": "odense",
    "country": {
      "name": "Denmark",
      "urlCode": "DK"
    }
  },
  {
    "id": "516",
    "name": "Birmingham",
    "urlName": "birmingham",
    "country": {
      "name": "United Kingdom",
      "urlCode": "UK"
    }
  },
  {
    "id": "517",
    "name": "Kyiv",
    "urlName": "kyiv",
    "country": {
      "name": "Ukraine",
      "urlCode": "UA"
    }
  },
  {
    "id": "518",
    "name": "Cardiff",
    "urlName": "cardiff",
    "country": {
      "name": "United Kingdom",
      "urlCode": "UK"
    }
  },
  {
    "id": "519",
    "name": "Denver",
    "urlName": "denver",
    "country": {
      "name": "United States of America",
      "urlCode": "US"
    }
  },
  {
    "id": "520",
    "name": "Sheffield",
    "urlName": "sheffield",
    "country": {
      "name": "United Kingdom",
      "urlCode": "UK"
    }
  },
  {
    "id": "522",
    "name": "Guadalajara",
    "urlName": "guadalajara",
    "country": {
      "name": "Mexico",
      "urlCode": "MX"
    }
  },
  {
    "id": "523",
    "name": "Tulum",
    "urlName": "tulum",
    "country": {
      "name": "Mexico",
      "urlCode": "MX"
    }
  },
  {
    "id": "524",
    "name": "Tijuana",
    "urlName": "tijuana",
    "country": {
      "name": "Mexico",
      "urlCode": "MX"
    }
  },
  {
    "id": "525",
    "name": "Puerto Escondido",
    "urlName": "puertoescondido",
    "country": {
      "name": "Mexico",
      "urlCode": "MX"
    }
  },
  {
    "id": "526",
    "name": "Baltimore",
    "urlName": "baltimore",
    "country": {
      "name": "United States of America",
      "urlCode": "US"
    }
  },
  {
    "id": "527",
    "name": "Las Vegas",
    "urlName": "lasvegas",
    "country": {
      "name": "United States of America",
      "urlCode": "US"
    }
  },
  {
    "id": "528",
    "name": "Philadelphia",
    "urlName": "philadelphia",
    "country": {
      "name": "United States of America",
      "urlCode": "US"
    }
  },
  {
    "id": "529",
    "name": "Cleveland",
    "urlName": "cleveland",
    "country": {
      "name": "United States of America",
      "urlCode": "US"
    }
  },
  {
    "id": "530",
    "name": "Boston",
    "urlName": "boston",
    "country": {
      "name": "United States of America",
      "urlCode": "US"
    }
  },
  {
    "id": "531",
    "name": "Pittsburgh",
    "urlName": "pittsburgh",
    "country": {
      "name": "United States of America",
      "urlCode": "US"
    }
  },
  {
    "id": "532",
    "name": "Atlanta",
    "urlName": "atlanta",
    "country": {
      "name": "United States of America",
      "urlCode": "US"
    }
  },
  {
    "id": "534",
    "name": "Belfast",
    "urlName": "belfast",
    "country": {
      "name": "United Kingdom",
      "urlCode": "UK"
    }
  },
  {
    "id": "535",
    "name": "Brighton",
    "urlName": "brighton",
    "country": {
      "name": "United Kingdom",
      "urlCode": "UK"
    }
  },
  {
    "id": "536",
    "name": "Nantes",
    "urlName": "nantes",
    "country": {
      "name": "France",
      "urlCode": "FR"
    }
  },
  {
    "id": "537",
    "name": "Seoul",
    "urlName": "seoul",
    "country": {
      "name": "South Korea",
      "urlCode": "KR"
    }
  },
  {
    "id": "538",
    "name": "Pereira",
    "urlName": "pereira",
    "country": {
      "name": "Colombia",
      "urlCode": "CO"
    }
  },
  {
    "id": "539",
    "name": "Dundee",
    "urlName": "dundee",
    "country": {
      "name": "United Kingdom",
      "urlCode": "UK"
    }
  },
  {
    "id": "540",
    "name": "Auckland",
    "urlName": "auckland",
    "country": {
      "name": "New Zealand",
      "urlCode": "NZ"
    }
  },
  {
    "id": "541",
    "name": "Wellington",
    "urlName": "wellington",
    "country": {
      "name": "New Zealand",
      "urlCode": "NZ"
    }
  },
  {
    "id": "542",
    "name": "Christchurch",
    "urlName": "christchurch",
    "country": {
      "name": "New Zealand",
      "urlCode": "NZ"
    }
  },
  {
    "id": "543",
    "name": "Bali",
    "urlName": "bali",
    "country": {
      "name": "Indonesia",
      "urlCode": "ID"
    }
  },
  {
    "id": "544",
    "name": "Nottingham",
    "urlName": "nottingham",
    "country": {
      "name": "United Kingdom",
      "urlCode": "UK"
    }
  },
  {
    "id": "545",
    "name": "Ghent",
    "urlName": "ghent",
    "country": {
      "name": "Belgium",
      "urlCode": "BE"
    }
  },
  {
    "id": "546",
    "name": "Timisoara",
    "urlName": "timisoara",
    "country": {
      "name": "Romania",
      "urlCode": "RO"
    }
  },
  {
    "id": "547",
    "name": "Beirut",
    "urlName": "beirut",
    "country": {
      "name": "Lebanon",
      "urlCode": "LB"
    }
  },
  {
    "id": "548",
    "name": "Pretoria",
    "urlName": "pretoria",
    "country": {
      "name": "South Africa",
      "urlCode": "ZA"
    }
  },
  {
    "id": "549",
    "name": "Athens",
    "urlName": "athens",
    "country": {
      "name": "Greece",
      "urlCode": "GR"
    }
  },
  {
    "id": "550",
    "name": "Puerto Vallarta",
    "urlName": "puertovallarta",
    "country": {
      "name": "Mexico",
      "urlCode": "MX"
    }
  },
  {
    "id": "551",
    "name": "Puebla (city)",
    "urlName": "peublacity",
    "country": {
      "name": "Mexico",
      "urlCode": "MX"
    }
  },
  {
    "id": "552",
    "name": "San Jose",
    "urlName": "sanjose",
    "country": {
      "name": "United States of America",
      "urlCode": "US"
    }
  },
  {
    "id": "553",
    "name": "Richmond",
    "urlName": "richmond",
    "country": {
      "name": "United States of America",
      "urlCode": "US"
    }
  },
  {
    "id": "554",
    "name": "Ho Chi Minh City",
    "urlName": "hochiminhcity",
    "country": {
      "name": "Vietnam",
      "urlCode": "VN"
    }
  },
  {
    "id": "556",
    "name": "Hanoi",
    "urlName": "hanoi",
    "country": {
      "name": "Vietnam",
      "urlCode": "VN"
    }
  },
  {
    "id": "557",
    "name": "Lagos",
    "urlName": "lagos",
    "country": {
      "name": "Nigeria",
      "urlCode": "NG"
    }
  },
  {
    "id": "558",
    "name": "Sofia",
    "urlName": "sofia",
    "country": {
      "name": "Bulgaria",
      "urlCode": "BG"
    }
  },
  {
    "id": "559",
    "name": "Zagreb",
    "urlName": "zagreb",
    "country": {
      "name": "Croatia",
      "urlCode": "HR"
    }
  },
  {
    "id": "560",
    "name": "Riga",
    "urlName": "riga",
    "country": {
      "name": "Latvia",
      "urlCode": "LV"
    }
  },
  {
    "id": "561",
    "name": "Vilnius",
    "urlName": "vilnius",
    "country": {
      "name": "Lithuania",
      "urlCode": "LT"
    }
  },
  {
    "id": "562",
    "name": "Belgrade",
    "urlName": "belgrade",
    "country": {
      "name": "Serbia",
      "urlCode": "RS"
    }
  },
  {
    "id": "563",
    "name": "Ljubljana",
    "urlName": "ljubljana",
    "country": {
      "name": "Slovenia",
      "urlCode": "SI"
    }
  },
  {
    "id": "564",
    "name": "Columbus",
    "urlName": "columbus",
    "country": {
      "name": "United States of America",
      "urlCode": "US"
    }
  },
  {
    "id": "565",
    "name": "Manila",
    "urlName": "manila",
    "country": {
      "name": "Philippines",
      "urlCode": "PH"
    }
  },
  {
    "id": "566",
    "name": "Tallinn",
    "urlName": "tallinn",
    "country": {
      "name": "Estonia",
      "urlCode": "EE"
    }
  },
  {
    "id": "567",
    "name": "Andorra la Vella",
    "urlName": "Andorralavella",
    "country": {
      "name": "Andorra",
      "urlCode": "AD"
    }
  },
  {
    "id": "568",
    "name": "Bratislava",
    "urlName": "bratislava",
    "country": {
      "name": "Slovakia",
      "urlCode": "SK"
    }
  },
  {
    "id": "569",
    "name": "Jakarta",
    "urlName": "jakarta",
    "country": {
      "name": "Indonesia",
      "urlCode": "ID"
    }
  },
  {
    "id": "570",
    "name": "Ontario",
    "urlName": "ontario",
    "country": {
      "name": "Canada",
      "urlCode": "CA"
    }
  },
  {
    "id": "571",
    "name": "British Columbia",
    "urlName": "britishcolumbia",
    "country": {
      "name": "Canada",
      "urlCode": "CA"
    }
  },
  {
    "id": "572",
    "name": "Province of Quebec",
    "urlName": "quebec",
    "country": {
      "name": "Canada",
      "urlCode": "CA"
    }
  },
  {
    "id": "573",
    "name": "Alberta",
    "urlName": "alberta",
    "country": {
      "name": "Canada",
      "urlCode": "CA"
    }
  },
  {
    "id": "574",
    "name": "Yukon",
    "urlName": "yukon",
    "country": {
      "name": "Canada",
      "urlCode": "CA"
    }
  },
  {
    "id": "575",
    "name": "Northwest Territories",
    "urlName": "northwestterritories",
    "country": {
      "name": "Canada",
      "urlCode": "CA"
    }
  },
  {
    "id": "576",
    "name": "Nunavut",
    "urlName": "nunavut",
    "country": {
      "name": "Canada",
      "urlCode": "CA"
    }
  },
  {
    "id": "577",
    "name": "Saskatchewan",
    "urlName": "saskaychewan",
    "country": {
      "name": "Canada",
      "urlCode": "CA"
    }
  },
  {
    "id": "578",
    "name": "Regina",
    "urlName": "regina",
    "country": {
      "name": "Canada",
      "urlCode": "CA"
    }
  },
  {
    "id": "579",
    "name": "Manitoba",
    "urlName": "manitoba",
    "country": {
      "name": "Canada",
      "urlCode": "CA"
    }
  },
  {
    "id": "580",
    "name": "Winnipeg",
    "urlName": "winnipeg",
    "country": {
      "name": "Canada",
      "urlCode": "CA"
    }
  },
  {
    "id": "581",
    "name": "Newfoundland and Labrador",
    "urlName": "newfoundland",
    "country": {
      "name": "Canada",
      "urlCode": "CA"
    }
  },
  {
    "id": "582",
    "name": "St. Johns",
    "urlName": "stjohns",
    "country": {
      "name": "Canada",
      "urlCode": "CA"
    }
  },
  {
    "id": "583",
    "name": "New Brunswick",
    "urlName": "newbrunswick",
    "country": {
      "name": "Canada",
      "urlCode": "CA"
    }
  },
  {
    "id": "584",
    "name": "Moncton",
    "urlName": "moncton",
    "country": {
      "name": "Canada",
      "urlCode": "CA"
    }
  },
  {
    "id": "585",
    "name": "Nova Scotia",
    "urlName": "novascotia",
    "country": {
      "name": "Canada",
      "urlCode": "CA"
    }
  },
  {
    "id": "586",
    "name": "Halifax",
    "urlName": "halifax",
    "country": {
      "name": "Canada",
      "urlCode": "CA"
    }
  },
  {
    "id": "587",
    "name": "Prince Edward Island",
    "urlName": "pei",
    "country": {
      "name": "Canada",
      "urlCode": "CA"
    }
  },
  {
    "id": "588",
    "name": "Charlottetown",
    "urlName": "charlottetown",
    "country": {
      "name": "Canada",
      "urlCode": "CA"
    }
  },
  {
    "id": "589",
    "name": "North Island",
    "urlName": "northisland",
    "country": {
      "name": "New Zealand",
      "urlCode": "NZ"
    }
  },
  {
    "id": "590",
    "name": "Minneapolis/St Paul",
    "urlName": "minneapolis",
    "country": {
      "name": "United States of America",
      "urlCode": "US"
    }
  },
  {
    "id": "591",
    "name": "Phoenix",
    "urlName": "phoenix",
    "country": {
      "name": "United States of America",
      "urlCode": "US"
    }
  },
  {
    "id": "592",
    "name": "Salt Lake City",
    "urlName": "saltlakecity",
    "country": {
      "name": "United States of America",
      "urlCode": "US"
    }
  },
  {
    "id": "593",
    "name": "Milwaukee",
    "urlName": "milwaukee",
    "country": {
      "name": "United States of America",
      "urlCode": "US"
    }
  },
  {
    "id": "594",
    "name": "Madison",
    "urlName": "madison",
    "country": {
      "name": "United States of America",
      "urlCode": "US"
    }
  },
  {
    "id": "595",
    "name": "Tucson",
    "urlName": "tucson",
    "country": {
      "name": "United States of America",
      "urlCode": "US"
    }
  },
  {
    "id": "596",
    "name": "Palm Springs",
    "urlName": "palmsprings",
    "country": {
      "name": "United States of America",
      "urlCode": "US"
    }
  },
  {
    "id": "597",
    "name": "Santiago de Querétaro",
    "urlName": "queretaro",
    "country": {
      "name": "Mexico",
      "urlCode": "MX"
    }
  },
  {
    "id": "598",
    "name": "Irapuato",
    "urlName": "irapuato",
    "country": {
      "name": "Mexico",
      "urlCode": "MX"
    }
  },
  {
    "id": "599",
    "name": "Oaxaca de Juárez",
    "urlName": "oaxacadejuarez",
    "country": {
      "name": "Mexico",
      "urlCode": "MX"
    }
  },
  {
    "id": "600",
    "name": "Ciudad Juárez",
    "urlName": "ciudadjuarez",
    "country": {
      "name": "Mexico",
      "urlCode": "MX"
    }
  },
  {
    "id": "601",
    "name": "Acapulco de Juárez",
    "urlName": "acapulco",
    "country": {
      "name": "Mexico",
      "urlCode": "MX"
    }
  },
  {
    "id": "602",
    "name": "San José del Cabo",
    "urlName": "sanjosedelcabo",
    "country": {
      "name": "Mexico",
      "urlCode": "MX"
    }
  },
  {
    "id": "603",
    "name": "Mérida",
    "urlName": "merida",
    "country": {
      "name": "Mexico",
      "urlCode": "MX"
    }
  },
  {
    "id": "604",
    "name": "Morelia",
    "urlName": "morelia",
    "country": {
      "name": "Mexico",
      "urlCode": "MX"
    }
  },
  {
    "id": "605",
    "name": "New York State",
    "urlName": "newyorkstate",
    "country": {
      "name": "United States of America",
      "urlCode": "US"
    }
  },
  {
    "id": "606",
    "name": "New Orleans",
    "urlName": "neworleans",
    "country": {
      "name": "United States of America",
      "urlCode": "US"
    }
  },
  {
    "id": "607",
    "name": "Valencia",
    "urlName": "valencia",
    "country": {
      "name": "Spain",
      "urlCode": "ES"
    }
  },
  {
    "id": "608",
    "name": "Malaga",
    "urlName": "malaga",
    "country": {
      "name": "Spain",
      "urlCode": "ES"
    }
  },
  {
    "id": "609",
    "name": "Benidorm",
    "urlName": "benidorm",
    "country": {
      "name": "Spain",
      "urlCode": "ES"
    }
  },
  {
    "id": "610",
    "name": "Faro",
    "urlName": "faro",
    "country": {
      "name": "Portugal",
      "urlCode": "PT"
    }
  },
  {
    "id": "611",
    "name": "Lagos",
    "urlName": "lagospt",
    "country": {
      "name": "Portugal",
      "urlCode": "PT"
    }
  },
  {
    "id": "612",
    "name": "Bilbao",
    "urlName": "bilbao",
    "country": {
      "name": "Spain",
      "urlCode": "ES"
    }
  },
  {
    "id": "613",
    "name": "Alicante",
    "urlName": "alicante",
    "country": {
      "name": "Spain",
      "urlCode": "ES"
    }
  },
  {
    "id": "614",
    "name": "Nice",
    "urlName": "nice",
    "country": {
      "name": "France",
      "urlCode": "FR"
    }
  },
  {
    "id": "615",
    "name": "Strasbourg",
    "urlName": "strasbourg",
    "country": {
      "name": "France",
      "urlCode": "FR"
    }
  },
  {
    "id": "616",
    "name": "Chamonix",
    "urlName": "chamonix",
    "country": {
      "name": "France",
      "urlCode": "FR"
    }
  },
  {
    "id": "617",
    "name": "Bordeaux",
    "urlName": "bordeaux",
    "country": {
      "name": "France",
      "urlCode": "FR"
    }
  },
  {
    "id": "618",
    "name": "Toulouse",
    "urlName": "toulouse",
    "country": {
      "name": "France",
      "urlCode": "FR"
    }
  },
  {
    "id": "619",
    "name": "Lille",
    "urlName": "lille",
    "country": {
      "name": "France",
      "urlCode": "FR"
    }
  },
  {
    "id": "620",
    "name": "Rennes",
    "urlName": "rennes",
    "country": {
      "name": "France",
      "urlCode": "FR"
    }
  },
  {
    "id": "621",
    "name": "Baja California",
    "urlName": "bajacalifornia",
    "country": {
      "name": "Mexico",
      "urlCode": "MX"
    }
  },
  {
    "id": "622",
    "name": "Baja California Sur",
    "urlName": "bajacaliforniasur",
    "country": {
      "name": "Mexico",
      "urlCode": "MX"
    }
  },
  {
    "id": "623",
    "name": "Sonora",
    "urlName": "sonora",
    "country": {
      "name": "Mexico",
      "urlCode": "MX"
    }
  },
  {
    "id": "624",
    "name": "Chihuahua",
    "urlName": "chihuahua",
    "country": {
      "name": "Mexico",
      "urlCode": "MX"
    }
  },
  {
    "id": "625",
    "name": "Sinaloa",
    "urlName": "sinaloa",
    "country": {
      "name": "Mexico",
      "urlCode": "MX"
    }
  },
  {
    "id": "626",
    "name": "Coahuila",
    "urlName": "coahuila",
    "country": {
      "name": "Mexico",
      "urlCode": "MX"
    }
  },
  {
    "id": "627",
    "name": "Durango",
    "urlName": "durango",
    "country": {
      "name": "Mexico",
      "urlCode": "MX"
    }
  },
  {
    "id": "628",
    "name": "Nuevo León",
    "urlName": "nuevoleon",
    "country": {
      "name": "Mexico",
      "urlCode": "MX"
    }
  },
  {
    "id": "629",
    "name": "Nayarit",
    "urlName": "nayarit",
    "country": {
      "name": "Mexico",
      "urlCode": "MX"
    }
  },
  {
    "id": "630",
    "name": "Zacatecas",
    "urlName": "zacatecas",
    "country": {
      "name": "Mexico",
      "urlCode": "MX"
    }
  },
  {
    "id": "631",
    "name": "San luis Potosi",
    "urlName": "sanluispotosi",
    "country": {
      "name": "Mexico",
      "urlCode": "MX"
    }
  },
  {
    "id": "632",
    "name": "Aguascalientes",
    "urlName": "aguascalientes",
    "country": {
      "name": "Mexico",
      "urlCode": "MX"
    }
  },
  {
    "id": "633",
    "name": "Tamaulipas",
    "urlName": "tamaulipas",
    "country": {
      "name": "Mexico",
      "urlCode": "MX"
    }
  },
  {
    "id": "634",
    "name": "Jalisco",
    "urlName": "jalisco",
    "country": {
      "name": "Mexico",
      "urlCode": "MX"
    }
  },
  {
    "id": "635",
    "name": "Guanajuato",
    "urlName": "guanajuato",
    "country": {
      "name": "Mexico",
      "urlCode": "MX"
    }
  },
  {
    "id": "636",
    "name": "Colima",
    "urlName": "colima",
    "country": {
      "name": "Mexico",
      "urlCode": "MX"
    }
  },
  {
    "id": "637",
    "name": "Querétaro",
    "urlName": "queretaro",
    "country": {
      "name": "Mexico",
      "urlCode": "MX"
    }
  },
  {
    "id": "638",
    "name": "Michoacán",
    "urlName": "michoacan",
    "country": {
      "name": "Mexico",
      "urlCode": "MX"
    }
  },
  {
    "id": "639",
    "name": "Hidalgo",
    "urlName": "hidalgo",
    "country": {
      "name": "Mexico",
      "urlCode": "MX"
    }
  },
  {
    "id": "640",
    "name": "Tlaxcala",
    "urlName": "tlaxcala",
    "country": {
      "name": "Mexico",
      "urlCode": "MX"
    }
  },
  {
    "id": "641",
    "name": "Morelos",
    "urlName": "morelos",
    "country": {
      "name": "Mexico",
      "urlCode": "MX"
    }
  },
  {
    "id": "642",
    "name": "Puebla",
    "urlName": "puebla",
    "country": {
      "name": "Mexico",
      "urlCode": "MX"
    }
  },
  {
    "id": "643",
    "name": "Estado de México",
    "urlName": "estadodemexico",
    "country": {
      "name": "Mexico",
      "urlCode": "MX"
    }
  },
  {
    "id": "644",
    "name": "Veracruz",
    "urlName": "veracruz",
    "country": {
      "name": "Mexico",
      "urlCode": "MX"
    }
  },
  {
    "id": "645",
    "name": "Guerrero",
    "urlName": "guerrero",
    "country": {
      "name": "Mexico",
      "urlCode": "MX"
    }
  },
  {
    "id": "646",
    "name": "Oaxaca",
    "urlName": "oaxaca",
    "country": {
      "name": "Mexico",
      "urlCode": "MX"
    }
  },
  {
    "id": "647",
    "name": "Tabasco",
    "urlName": "tabasco",
    "country": {
      "name": "Mexico",
      "urlCode": "MX"
    }
  },
  {
    "id": "648",
    "name": "Chiapas",
    "urlName": "chiapas",
    "country": {
      "name": "Mexico",
      "urlCode": "MX"
    }
  },
  {
    "id": "649",
    "name": "Campeche",
    "urlName": "campeche",
    "country": {
      "name": "Mexico",
      "urlCode": "MX"
    }
  },
  {
    "id": "650",
    "name": "Yucátan",
    "urlName": "yucatan",
    "country": {
      "name": "Mexico",
      "urlCode": "MX"
    }
  },
  {
    "id": "651",
    "name": "Quintana Roo",
    "urlName": "quintanaroo",
    "country": {
      "name": "Mexico",
      "urlCode": "MX"
    }
  },
  {
    "id": "652",
    "name": "Charlotte",
    "urlName": "charlotte",
    "country": {
      "name": "United States of America",
      "urlCode": "US"
    }
  },
  {
    "id": "653",
    "name": "Nashville",
    "urlName": "nashville",
    "country": {
      "name": "United States of America",
      "urlCode": "US"
    }
  },
  {
    "id": "654",
    "name": "Greensboro",
    "urlName": "Greensboro",
    "country": {
      "name": "United States of America",
      "urlCode": "US"
    }
  },
  {
    "id": "655",
    "name": "Charleston",
    "urlName": "charleston",
    "country": {
      "name": "United States of America",
      "urlCode": "US"
    }
  },
  {
    "id": "656",
    "name": "Wilmington",
    "urlName": "wilmington",
    "country": {
      "name": "United States of America",
      "urlCode": "US"
    }
  },
  {
    "id": "657",
    "name": "Thessaloniki",
    "urlName": "thessaloniki",
    "country": {
      "name": "Greece",
      "urlCode": "GR"
    }
  },
  {
    "id": "658",
    "name": "Crete",
    "urlName": "crete",
    "country": {
      "name": "Greece",
      "urlCode": "GR"
    }
  },
  {
    "id": "659",
    "name": "Mykonos",
    "urlName": "mykonos",
    "country": {
      "name": "Greece",
      "urlCode": "GR"
    }
  },
  {
    "id": "660",
    "name": "Nairobi",
    "urlName": "nairobi",
    "country": {
      "name": "Kenya",
      "urlCode": "KE"
    }
  },
  {
    "id": "661",
    "name": "Mallorca",
    "urlName": "Mallorca",
    "country": {
      "name": "Spain",
      "urlCode": "ES"
    }
  },
  {
    "id": "662",
    "name": "Hamilton",
    "urlName": "hamilton",
    "country": {
      "name": "Canada",
      "urlCode": "CA"
    }
  },
  {
    "id": "663",
    "name": "Kyoto",
    "urlName": "kyoto",
    "country": {
      "name": "Japan",
      "urlCode": "JP"
    }
  },
  {
    "id": "664",
    "name": "Osaka",
    "urlName": "osaka",
    "country": {
      "name": "Japan",
      "urlCode": "JP"
    }
  },
  {
    "id": "665",
    "name": "Busan",
    "urlName": "busan",
    "country": {
      "name": "South Korea",
      "urlCode": "KR"
    }
  },
  {
    "id": "666",
    "name": "Poznan",
    "urlName": "poznan",
    "country": {
      "name": "Poland",
      "urlCode": "PL"
    }
  },
  {
    "id": "667",
    "name": "Gdansk",
    "urlName": "gdansk",
    "country": {
      "name": "Poland",
      "urlCode": "PL"
    }
  },
  {
    "id": "668",
    "name": "Wroclaw",
    "urlName": "wroclaw",
    "country": {
      "name": "Poland",
      "urlCode": "PL"
    }
  },
  {
    "id": "669",
    "name": "Tirana",
    "urlName": "tirana",
    "country": {
      "name": "Albania",
      "urlCode": "AL"
    }
  },
  {
    "id": "670",
    "name": "Skopje",
    "urlName": "skopje",
    "country": {
      "name": "North Macedonia",
      "urlCode": "MK"
    }
  },
  {
    "id": "671",
    "name": "Podgorica",
    "urlName": "podgorica",
    "country": {
      "name": "Montenegro",
      "urlCode": "ME"
    }
  },
  {
    "id": "672",
    "name": "Nijmegen",
    "urlName": "nijmegen",
    "country": {
      "name": "Netherlands",
      "urlCode": "NL"
    }
  },
  {
    "id": "673",
    "name": "Sardinia",
    "urlName": "sardinia",
    "country": {
      "name": "Italy",
      "urlCode": "IT"
    }
  },
  {
    "id": "674",
    "name": "Byron Bay",
    "urlName": "byronbay",
    "country": {
      "name": "Australia",
      "urlCode": "AU"
    }
  },
  {
    "id": "675",
    "name": "Gold Coast",
    "urlName": "goldcoast",
    "country": {
      "name": "Australia",
      "urlCode": "AU"
    }
  },
  {
    "id": "676",
    "name": "Brno",
    "urlName": "brno",
    "country": {
      "name": "Czech Republic",
      "urlCode": "CZ"
    }
  },
  {
    "id": "677",
    "name": "Lodz",
    "urlName": "lodz",
    "country": {
      "name": "Poland",
      "urlCode": "PL"
    }
  },
  {
    "id": "678",
    "name": "Inland Empire",
    "urlName": "inlandempire",
    "country": {
      "name": "United States of America",
      "urlCode": "US"
    }
  },
  {
    "id": "679",
    "name": "Orange County",
    "urlName": "orangecounty",
    "country": {
      "name": "United States of America",
      "urlCode": "US"
    }
  },
  {
    "id": "680",
    "name": "Fire Island",
    "urlName": "fireisland",
    "country": {
      "name": "United States of America",
      "urlCode": "US"
    }
  },
  {
    "id": "681",
    "name": "Provincetown",
    "urlName": "provincetown",
    "country": {
      "name": "United States of America",
      "urlCode": "US"
    }
  },
  {
    "id": "682",
    "name": "Ensenada",
    "urlName": "ensenada",
    "country": {
      "name": "Mexico",
      "urlCode": "MX"
    }
  },
  {
    "id": "683",
    "name": "Memphis",
    "urlName": "memphis",
    "country": {
      "name": "United States of America",
      "urlCode": "US"
    }
  },
  {
    "id": "684",
    "name": "Playa del Carmen",
    "urlName": "playadelcarmen",
    "country": {
      "name": "Mexico",
      "urlCode": "MX"
    }
  },
  {
    "id": "685",
    "name": "Southampton",
    "urlName": "southampton",
    "country": {
      "name": "United Kingdom",
      "urlCode": "UK"
    }
  },
  {
    "id": "686",
    "name": "Portsmouth",
    "urlName": "portsmouth",
    "country": {
      "name": "United Kingdom",
      "urlCode": "UK"
    }
  },
  {
    "id": "687",
    "name": "Mainz",
    "urlName": "mainz",
    "country": {
      "name": "Germany",
      "urlCode": "DE"
    }
  },
  {
    "id": "688",
    "name": "Wiesbaden",
    "urlName": "wiesbaden",
    "country": {
      "name": "Germany",
      "urlCode": "DE"
    }
  },
  {
    "id": "689",
    "name": "Waterford",
    "urlName": "waterford",
    "country": {
      "name": "Ireland",
      "urlCode": "IE"
    }
  }
]